game_id,pm,pt
2009_01_TEN_PIT,3.35,41.025
2009_01_CHI_GB,-0.29,49.387
2009_01_DAL_TB,-1.414,43.171
2009_01_DEN_CIN,7.194,42.867
2009_01_DET_NO,10.56,50.102
2009_01_JAX_IND,7.498,43.985
2009_01_KC_BAL,9.707,41.838
2009_01_MIA_ATL,3.248,46.256
2009_01_MIN_CLE,-4.215,45.492
2009_01_NYJ_HOU,4.457,45.464
2009_01_PHI_CAR,-1.231,44.924
2009_01_SF_ARI,3.602,50.085
2009_01_STL_SEA,6.215,44.024
2009_01_WAS_NYG,4.719,42.089
2009_01_BUF_NE,9.997,46.771
2009_01_SD_OAK,-5.294,44.061
2009_02_ARI_JAX,0.916,44.991
2009_02_BAL_SD,2.487,45.33
2009_02_CAR_ATL,5.955,46.07
2009_02_CIN_GB,5.034,43.061
2009_02_CLE_DEN,1.935,40.846
2009_02_HOU_TEN,5.902,40.491
2009_02_MIN_DET,-8.949,51.284
2009_02_NE_NYJ,-3.895,45.05
2009_02_NO_PHI,-2.202,42.612
2009_02_NYG_DAL,2.809,45.772
2009_02_OAK_KC,5.24,47.759
2009_02_PIT_CHI,1.043,42.728
2009_02_SEA_SF,1.584,43.027
2009_02_STL_WAS,8.724,40.705
2009_02_TB_BUF,3.734,43.086
2009_02_IND_MIA,-3.128,41.296
2009_03_ATL_NE,4.705,44.883
2009_03_CHI_SEA,-1.549,42.851
2009_03_CLE_BAL,11.09,43.415
2009_03_DEN_OAK,0.59,39.33
2009_03_GB_STL,-5.626,45.276
2009_03_IND_ARI,-0.606,47.944
2009_03_JAX_HOU,2.963,46.801
2009_03_KC_PHI,1.184,43.215
2009_03_MIA_SD,5.662,44.898
2009_03_NO_BUF,-3.878,49.886
2009_03_NYG_TB,-3.498,44.278
2009_03_PIT_CIN,-1.552,40.142
2009_03_SF_MIN,4.73,47.198
2009_03_TEN_NYJ,1.885,40.048
2009_03_WAS_DET,-4.792,43.847
2009_03_CAR_DAL,6.451,49.668
2009_04_BAL_NE,3.242,45.291
2009_04_BUF_MIA,-0.686,40.197
2009_04_CIN_CLE,-3.921,40.972
2009_04_DAL_DEN,-1.491,42.624
2009_04_DET_CHI,10.999,44.547
2009_04_NYG_KC,-4.822,46.021
2009_04_NYJ_NO,8.079,47.345
2009_04_OAK_HOU,6.18,45.549
2009_04_SD_PIT,1.324,42.975
2009_04_SEA_IND,9.965,41.252
2009_04_STL_SF,10.293,40.187
2009_04_TB_WAS,5.364,38.424
2009_04_TEN_JAX,0.679,42.099
2009_04_GB_MIN,3.673,50.151
2009_05_ATL_SF,2.808,42.611
2009_05_CIN_BAL,6.482,43.806
2009_05_CLE_BUF,4.456,42.755
2009_05_DAL_KC,-3.938,46.308
2009_05_HOU_ARI,2.802,49.79
2009_05_IND_TEN,-5.669,42.823
2009_05_JAX_SEA,-0.578,43.828
2009_05_MIN_STL,-11.948,46.146
2009_05_NE_DEN,-3.842,41.223
2009_05_OAK_NYG,13.214,40.869
2009_05_PIT_DET,-9.428,46.805
2009_05_TB_PHI,13.086,45.062
2009_05_WAS_CAR,1.283,39.268
2009_05_NYJ_MIA,0.588,37.105
2009_06_ARI_SEA,2.722,45.525
2009_06_BAL_MIN,3.706,48.423
2009_06_BUF_NYJ,5.591,37.373
2009_06_CAR_TB,-1.12,39.924
2009_06_CHI_ATL,2.519,47.333
2009_06_CLE_PIT,10.944,40.366
2009_06_DET_GB,11.917,47.723
2009_06_HOU_CIN,3.397,44.471
2009_06_KC_WAS,3.903,39.883
2009_06_NYG_NO,3.545,50.12
2009_06_PHI_OAK,-12.81,42.695
2009_06_STL_JAX,10.712,40.187
2009_06_TEN_NE,9.832,42.911
2009_06_DEN_SD,4.329,43.526
2009_07_ARI_NYG,4.547,47.443
2009_07_ATL_DAL,0.229,45.861
2009_07_BUF_CAR,4.4,40.907
2009_07_CHI_CIN,-1.267,43.639
2009_07_GB_CLE,-6.776,41.598
2009_07_IND_STL,-16.444,44.007
2009_07_MIN_PIT,0.066,46.05
2009_07_NE_TB,-15.603,42.434
2009_07_NO_MIA,-7.214,47.478
2009_07_NYJ_OAK,-4.27,37.015
2009_07_SD_KC,-2.949,47.649
2009_07_SF_HOU,1.924,45.934
2009_07_PHI_WAS,-5.78,40.052
2009_08_CAR_ARI,8.37,46.399
2009_08_CLE_CHI,9.623,42.62
2009_08_DEN_BAL,3.526,42.613
2009_08_HOU_BUF,-2.172,41.936
2009_08_JAX_TEN,-1.519,43.436
2009_08_MIA_NYJ,4.645,41.234
2009_08_MIN_GB,2.149,47.312
2009_08_NYG_PHI,2.886,47.509
2009_08_OAK_SD,15.489,43.511
2009_08_SEA_DAL,5.863,46.074
2009_08_SF_IND,14.223,41.744
2009_08_STL_DET,6.26,46.865
2009_08_ATL_NO,7.719,52.16
2009_09_ARI_CHI,1.589,45.63
2009_09_BAL_CIN,-0.192,44.231
2009_09_CAR_NO,12.976,52.547
2009_09_DAL_PHI,3.561,47.866
2009_09_DET_SEA,8.802,43.815
2009_09_GB_TB,-7.885,43.261
2009_09_HOU_IND,9.022,44.91
2009_09_KC_JAX,3.219,43.348
2009_09_MIA_NE,13.886,46.276
2009_09_SD_NYG,1.182,48.953
2009_09_TEN_SF,4.232,41.368
2009_09_WAS_ATL,8.411,41.604
2009_09_PIT_DEN,-1.394,40.44
2009_10_CHI_SF,-1.196,41.528
2009_10_ATL_CAR,-3.349,44.606
2009_10_BUF_TEN,0.98,42.406
2009_10_CIN_PIT,3.829,41.59
2009_10_DAL_GB,-0.63,47.324
2009_10_DEN_WAS,-1.455,37.373
2009_10_DET_MIN,16.581,50.563
2009_10_JAX_NYJ,6.563,41.916
2009_10_KC_OAK,-2.174,40.566
2009_10_NE_IND,0.297,45.949
2009_10_NO_STL,-17.466,50.341
2009_10_PHI_SD,0.001,47.819
2009_10_SEA_ARI,6.523,47.709
2009_10_TB_MIA,6.541,45.298
2009_10_BAL_CLE,-10.47,38.619
2009_11_MIA_CAR,2.042,44.696
2009_11_ARI_STL,-11.509,46.385
2009_11_ATL_NYG,1.998,46.731
2009_11_BUF_JAX,6.328,40.65
2009_11_CIN_OAK,-11.763,38.464
2009_11_CLE_DET,2.388,41.646
2009_11_IND_BAL,-2.381,42.655
2009_11_NO_TB,-11.356,50.591
2009_11_NYJ_NE,11.911,44.124
2009_11_PHI_CHI,-3.333,46.085
2009_11_PIT_KC,-6.935,41.889
2009_11_SD_DEN,-6.45,42.087
2009_11_SEA_MIN,8.965,49.431
2009_11_SF_GB,7.923,41.295
2009_11_WAS_DAL,9.109,42.218
2009_11_TEN_HOU,6.694,47.066
2009_12_GB_DET,-9.827,49.888
2009_12_NYG_DEN,-3.181,44.619
2009_12_OAK_DAL,14.466,39.006
2009_12_ARI_TEN,1.703,43.742
2009_12_CAR_NYJ,3.02,41.693
2009_12_CHI_MIN,8.799,48.904
2009_12_CLE_CIN,13.641,38.509
2009_12_IND_HOU,-4.953,44.34
2009_12_JAX_SF,1.427,41.793
2009_12_KC_SD,11.503,46.141
2009_12_MIA_BUF,-3.646,39.682
2009_12_PIT_BAL,6.56,38.057
2009_12_SEA_STL,-5.126,43.686
2009_12_TB_ATL,11.976,47.668
2009_12_WAS_PHI,9.803,40.715
2009_12_NE_NO,0.807,53.983
2009_13_NYJ_BUF,-2.391,40.415
2009_13_DAL_NYG,-0.198,44.428
2009_13_DEN_KC,-2.215,41.88
2009_13_DET_CIN,14.179,43.387
2009_13_HOU_JAX,-2.684,44.759
2009_13_MIN_ARI,-2.175,50.464
2009_13_NE_MIA,-8.525,47.36
2009_13_NO_WAS,-10.655,45.25
2009_13_OAK_PIT,15.177,38.596
2009_13_PHI_ATL,-3.625,47.093
2009_13_SD_CLE,-13.143,43.366
2009_13_SF_SEA,1.337,41.262
2009_13_STL_CHI,10.627,41.559
2009_13_TB_CAR,5.579,42.067
2009_13_TEN_IND,11.92,47.396
2009_13_BAL_GB,1.659,43.113
2009_14_PIT_CLE,-8.988,35.544
2009_14_BUF_KC,0.253,41.545
2009_14_CAR_NE,13.22,43.888
2009_14_CIN_MIN,6.118,46.263
2009_14_DEN_IND,10.535,44.463
2009_14_DET_BAL,14.634,43.808
2009_14_GB_CHI,-4.218,44.973
2009_14_MIA_JAX,0.125,43.124
2009_14_NO_ATL,-10.58,51.24
2009_14_NYJ_TB,-4.539,39.571
2009_14_PHI_NYG,-2.084,47.98
2009_14_SD_DAL,-0.946,45.756
2009_14_SEA_HOU,5.76,47.612
2009_14_STL_TEN,9.87,43.161
2009_14_WAS_OAK,-3.862,37.494
2009_14_ARI_SF,-3.717,42.96
2009_15_IND_JAX,-9.899,42.571
2009_15_DAL_NO,8.515,50.711
2009_15_ARI_DET,-12.182,49.083
2009_15_ATL_NYJ,1.68,39.767
2009_15_CHI_BAL,9.261,38.239
2009_15_CIN_SD,7.071,43.787
2009_15_CLE_KC,2.25,39.184
2009_15_GB_PIT,-0.417,43.696
2009_15_HOU_STL,-12.771,44.894
2009_15_MIA_TEN,3.106,46.053
2009_15_MIN_CAR,-7.524,43.694
2009_15_NE_BUF,-11.589,41.521
2009_15_OAK_DEN,10.185,40.612
2009_15_SF_PHI,9.402,41.042
2009_15_TB_SEA,6.638,40.951
2009_15_NYG_WAS,-0.523,43.695
2009_16_SD_TEN,-3.635,48.038
2009_16_BAL_PIT,-1.475,41.9
2009_16_BUF_ATL,6.682,44.335
2009_16_CAR_NYG,6.344,44.924
2009_16_DAL_WAS,-4.705,39.358
2009_16_DEN_PHI,8.648,44.956
2009_16_DET_SF,11.071,43.147
2009_16_HOU_MIA,-0.548,45.569
2009_16_JAX_NE,13.341,42.928
2009_16_KC_CIN,11.12,41.613
2009_16_NYJ_IND,10.181,43.616
2009_16_OAK_CLE,2.191,39.94
2009_16_SEA_GB,11.688,45.082
2009_16_STL_ARI,16.502,42.39
2009_16_TB_NO,17.673,49.796
2009_16_MIN_CHI,-6.357,44.263
2009_17_ATL_TB,-6.708,42.048
2009_17_BAL_OAK,-11.755,39.766
2009_17_CHI_DET,-6.674,47.073
2009_17_CIN_NYJ,2.083,34.41
2009_17_GB_ARI,-1.361,50.174
2009_17_IND_BUF,-11.331,39.415
2009_17_JAX_CLE,-0.716,36.927
2009_17_KC_DEN,9.256,43.404
2009_17_NE_HOU,-5.242,47.702
2009_17_NO_CAR,2.437,41.862
2009_17_NYG_MIN,5.327,53.006
2009_17_PHI_DAL,0.557,46.501
2009_17_PIT_MIA,-1.14,44.417
2009_17_SF_STL,-8.992,38.969
2009_17_TEN_SEA,-3.927,46.012
2009_17_WAS_SD,4.664,36.926
2009_18_NYJ_CIN,-1.117,36.489
2009_18_PHI_DAL,2.929,45.108
2009_18_BAL_NE,5.836,42.179
2009_18_GB_ARI,-3.778,49.756
2009_19_ARI_NO,7.89,54.279
2009_19_BAL_IND,2.974,45.978
2009_19_DAL_MIN,2.41,45.387
2009_19_NYJ_SD,6.052,43.992
2009_20_MIN_NO,3.066,53.689
2009_20_NYJ_IND,5.48,43.482
2009_21_NO_IND,-0.796,50.656
2010_01_MIN_NO,3.181,50.756
2010_01_ARI_STL,0.13,43.418
2010_01_ATL_PIT,-2.15,41.078
2010_01_CAR_NYG,1.034,45.191
2010_01_CIN_NE,6.829,43.382
2010_01_CLE_TB,0.065,41.919
2010_01_DAL_WAS,-1.15,42.065
2010_01_DEN_JAX,1.188,43.158
2010_01_DET_CHI,8.193,44.835
2010_01_GB_PHI,-5.365,43.34
2010_01_IND_HOU,-1.254,47.324
2010_01_MIA_BUF,1.483,43.289
2010_01_OAK_TEN,2.521,46.914
2010_01_SF_SEA,-0.628,40.979
2010_01_BAL_NYJ,0.404,40.068
2010_01_SD_KC,-6.186,46.213
2010_02_ARI_ATL,6.59,42.48
2010_02_BAL_CIN,-1.798,40.775
2010_02_BUF_GB,9.714,43.293
2010_02_CHI_DAL,5.46,42.382
2010_02_HOU_WAS,-0.343,43.337
2010_02_JAX_SD,7.193,43.631
2010_02_KC_CLE,2.353,40.745
2010_02_MIA_MIN,6.976,45.041
2010_02_NE_NYJ,-2.672,42.507
2010_02_NYG_IND,5.864,47.635
2010_02_PHI_DET,-1.588,47.142
2010_02_PIT_TEN,4.727,41.31
2010_02_SEA_DEN,1.952,42.621
2010_02_STL_OAK,5.389,43.6
2010_02_TB_CAR,5.809,40.809
2010_02_NO_SF,-7.043,43.064
2010_03_ATL_NO,3.685,46.902
2010_03_BUF_NE,11.33,42.181
2010_03_CIN_CAR,-0.644,40.667
2010_03_CLE_BAL,7.536,38.649
2010_03_DAL_HOU,3.557,45.536
2010_03_DET_MIN,9.674,47.268
2010_03_IND_DEN,-3.979,45.054
2010_03_NYJ_MIA,0.792,38.889
2010_03_OAK_ARI,3.962,42.478
2010_03_PHI_JAX,-0.61,44.748
2010_03_PIT_TB,-0.554,37.325
2010_03_SD_SEA,-5.829,44.352
2010_03_SF_KC,3.121,41.001
2010_03_TEN_NYG,1.005,46.767
2010_03_WAS_STL,-4.305,42.489
2010_03_GB_CHI,-4.467,45.351
2010_04_ARI_SD,11.794,44.162
2010_04_BAL_PIT,2.219,38.459
2010_04_CAR_NO,12.043,44.695
2010_04_CHI_NYG,-1.456,44.044
2010_04_CIN_CLE,-1.441,40.468
2010_04_DEN_TEN,4.986,42.226
2010_04_DET_GB,12.848,47.085
2010_04_HOU_OAK,-5.539,42.734
2010_04_IND_JAX,-9.271,43.791
2010_04_NYJ_BUF,-5.357,37.806
2010_04_SEA_STL,-1.051,43.689
2010_04_SF_ATL,11.129,43.584
2010_04_WAS_PHI,5.41,43.297
2010_04_NE_MIA,-2.545,44.723
2010_05_ATL_CLE,-3.92,41.715
2010_05_CHI_CAR,1.125,35.919
2010_05_DEN_BAL,5.558,39.929
2010_05_GB_WAS,-3.467,44.291
2010_05_JAX_BUF,-0.415,42.302
2010_05_KC_IND,8.178,46.924
2010_05_NO_ARI,-9.591,46.563
2010_05_NYG_HOU,5.672,48.97
2010_05_PHI_SF,0.014,39.123
2010_05_SD_OAK,-10.544,44.597
2010_05_STL_DET,2.146,45.572
2010_05_TB_CIN,7.096,40.328
2010_05_TEN_DAL,4.08,43.638
2010_05_MIN_NYJ,2.334,40.369
2010_06_ATL_PHI,-3.397,40.258
2010_06_BAL_NE,4.531,42.906
2010_06_CLE_PIT,11.353,40.397
2010_06_DAL_MIN,3.112,43.641
2010_06_DET_NYG,3.537,47.436
2010_06_IND_WAS,-4.494,42.481
2010_06_KC_HOU,2.743,44.038
2010_06_MIA_GB,8.937,43.731
2010_06_NO_TB,-5.142,44.187
2010_06_NYJ_DEN,-2.435,42.789
2010_06_OAK_SF,0.092,44.951
2010_06_SD_STL,-10.165,45.651
2010_06_SEA_CHI,6.286,40.243
2010_06_TEN_JAX,-2.906,45.559
2010_07_ARI_SEA,4.656,41.784
2010_07_BUF_BAL,12.238,40.927
2010_07_CIN_ATL,4.961,43.431
2010_07_CLE_NO,11.264,44.701
2010_07_JAX_KC,8.056,39.704
2010_07_MIN_GB,3.244,43.648
2010_07_NE_SD,0.709,49.048
2010_07_OAK_DEN,4.216,45.549
2010_07_PHI_TEN,4.45,39.365
2010_07_PIT_MIA,-5.202,41.928
2010_07_SF_CAR,2.082,38.758
2010_07_STL_TB,3.008,39.594
2010_07_WAS_CHI,2.829,39.778
2010_07_NYG_DAL,3.401,43.539
2010_08_BUF_KC,8.129,45.224
2010_08_CAR_STL,0.095,40.984
2010_08_DEN_SF,1.152,44.138
2010_08_GB_NYJ,1.834,42.122
2010_08_JAX_DAL,3.191,43.868
2010_08_MIA_CIN,3.201,43.36
2010_08_MIN_NE,5.245,43.863
2010_08_PIT_NO,-0.221,47.061
2010_08_SEA_OAK,4.863,45.103
2010_08_TB_ARI,0.136,43.091
2010_08_TEN_SD,2.211,45.997
2010_08_WAS_DET,-1.984,43.962
2010_08_HOU_IND,7.437,49.839
2010_09_ARI_MIN,9.914,46.969
2010_09_CHI_BUF,-3.408,44.589
2010_09_DAL_GB,12.071,40.773
2010_09_IND_PHI,-1.712,44.564
2010_09_KC_OAK,4.063,45.465
2010_09_MIA_BAL,5.845,41.676
2010_09_NE_CLE,-7.017,43.12
2010_09_NO_CAR,-6.411,41.645
2010_09_NYG_SEA,-4.049,41.659
2010_09_NYJ_DET,-4.518,44.759
2010_09_SD_HOU,-3.162,48.625
2010_09_TB_ATL,9.971,46.304
2010_09_PIT_CIN,-3.548,42.527
2010_10_BAL_ATL,1.688,44.74
2010_10_CAR_TB,6.348,39.501
2010_10_CIN_IND,9.047,47.24
2010_10_DAL_NYG,11.697,43.959
2010_10_DET_BUF,-3.113,48.407
2010_10_HOU_JAX,-0.574,48.307
2010_10_KC_DEN,-1.738,44.614
2010_10_MIN_CHI,-0.228,37.351
2010_10_NE_PIT,2.389,45.817
2010_10_NYJ_CLE,-1.712,37.014
2010_10_SEA_ARI,2.542,45.997
2010_10_STL_SF,5.357,40.03
2010_10_TEN_MIA,-1.761,44.255
2010_10_PHI_WAS,-1.191,44.922
2010_11_CHI_MIA,0.229,40.297
2010_11_ARI_KC,7.506,43.58
2010_11_ATL_STL,-6.332,43.747
2010_11_BAL_CAR,-7.847,40.229
2010_11_BUF_CIN,6.001,41.619
2010_11_CLE_JAX,-0.074,44.583
2010_11_DET_DAL,-2.604,47.356
2010_11_GB_MIN,-3.886,45.612
2010_11_HOU_NYJ,6.265,44.602
2010_11_IND_NE,1.821,48.089
2010_11_NYG_PHI,5.292,51.215
2010_11_OAK_PIT,3.915,45.639
2010_11_SEA_NO,11.956,44.932
2010_11_TB_SF,4.206,39.14
2010_11_WAS_TEN,7.81,44.847
2010_11_DEN_SD,9.868,48.682
2010_12_CIN_NYJ,7.131,43.489
2010_12_NE_DET,-5.044,52.945
2010_12_NO_DAL,-7.342,46.028
2010_12_CAR_CLE,9.298,38.195
2010_12_GB_ATL,-1.716,46.493
2010_12_JAX_NYG,5.764,47.555
2010_12_KC_SEA,-2.454,43.883
2010_12_MIA_OAK,-1.026,40.492
2010_12_MIN_WAS,0.433,43.413
2010_12_PHI_CHI,-1.554,43.021
2010_12_PIT_BUF,-6.813,44.102
2010_12_SD_IND,2.296,48.586
2010_12_STL_DEN,4.17,43.9
2010_12_TB_BAL,8.217,42.281
2010_12_TEN_HOU,1.793,45.935
2010_12_SF_ARI,-1.945,46.038
2010_13_HOU_PHI,5.952,51.013
2010_13_ATL_TB,-4.4,43.478
2010_13_BUF_MIN,4.867,45.983
2010_13_CAR_SEA,4.915,41.404
2010_13_CHI_DET,-5.31,44.27
2010_13_CLE_MIA,4.233,40.959
2010_13_DAL_IND,10.113,47.226
2010_13_DEN_KC,6.154,48.754
2010_13_JAX_TEN,4.59,43.828
2010_13_NO_CIN,-5.859,45.187
2010_13_OAK_SD,9.607,47.61
2010_13_PIT_BAL,1.024,39.036
2010_13_SF_GB,12.03,38.013
2010_13_STL_ARI,-1.657,46.377
2010_13_WAS_NYG,5.389,42.361
2010_13_NYJ_NE,5.239,44.136
2010_14_IND_TEN,-2.787,43.985
2010_14_ATL_CAR,-12.278,40.839
2010_14_CIN_PIT,10.048,44.287
2010_14_CLE_BUF,-0.191,42.87
2010_14_DEN_ARI,-1.733,50.181
2010_14_GB_DET,-11.339,46.823
2010_14_KC_SD,10.495,42.951
2010_14_MIA_NYJ,3.746,40.11
2010_14_NE_CHI,-4.712,38.754
2010_14_OAK_JAX,0.309,44.79
2010_14_PHI_DAL,-5.737,52.68
2010_14_SEA_SF,2.696,41.116
2010_14_STL_NO,11.494,45.906
2010_14_TB_WAS,0.693,42.106
2010_14_BAL_HOU,-1.834,46.122
2010_14_NYG_MIN,-3.372,44.674
2010_15_SF_SD,11.903,42.362
2010_15_ARI_CAR,-2.036,42.34
2010_15_ATL_SEA,-8.953,46.271
2010_15_BUF_MIA,5.43,39.368
2010_15_CLE_CIN,0.043,42.871
2010_15_DEN_OAK,9.335,47.894
2010_15_DET_TB,5.183,42.631
2010_15_GB_NE,11.45,41.238
2010_15_HOU_TEN,1.507,45.684
2010_15_JAX_IND,7.459,50.118
2010_15_KC_STL,-1.902,43.916
2010_15_NO_BAL,0.39,43.354
2010_15_NYJ_PIT,7.276,38.818
2010_15_PHI_NYG,-0.108,49.211
2010_15_WAS_DAL,7.726,40.358
2010_15_CHI_MIN,1.883,37.439
2010_16_CAR_PIT,17.514,37.959
2010_16_DAL_ARI,-2.957,48.978
2010_16_BAL_CLE,-2.908,37.857
2010_16_DET_MIA,2.702,39.084
2010_16_HOU_DEN,-4.706,49.095
2010_16_IND_OAK,-2.099,49.909
2010_16_NE_BUF,-11.266,46.636
2010_16_NYG_GB,7.448,43.808
2010_16_NYJ_CHI,2.661,39.159
2010_16_SD_CIN,-8.283,43.463
2010_16_SEA_TB,6.337,42.422
2010_16_SF_STL,-0.758,42.913
2010_16_TEN_KC,1.529,41.899
2010_16_WAS_JAX,8.228,38.881
2010_16_NO_ATL,2.196,49.328
2010_16_MIN_PHI,12.264,45.773
2010_17_ARI_SF,4.37,42.174
2010_17_BUF_NYJ,7.278,41.642
2010_17_CAR_ATL,18.0,42.904
2010_17_CHI_GB,9.137,41.369
2010_17_CIN_BAL,8.13,44.222
2010_17_DAL_PHI,4.401,47.208
2010_17_JAX_HOU,6.904,45.189
2010_17_MIA_NE,14.069,45.881
2010_17_MIN_DET,4.967,44.987
2010_17_NYG_WAS,-6.431,41.104
2010_17_OAK_KC,2.981,46.199
2010_17_PIT_CLE,-5.025,37.486
2010_17_SD_DEN,-10.364,47.585
2010_17_STL_SEA,-1.614,42.595
2010_17_TB_NO,8.365,46.881
2010_17_TEN_IND,7.544,48.203
2010_18_NO_SEA,-9.105,46.431
2010_18_NYJ_IND,4.038,47.962
2010_18_BAL_KC,-3.109,39.382
2010_18_GB_PHI,-3.106,44.552
2010_19_BAL_PIT,4.26,37.82
2010_19_GB_ATL,-1.042,45.497
2010_19_NYJ_NE,11.622,45.045
2010_19_SEA_CHI,9.851,44.081
2010_20_GB_CHI,-6.198,40.603
2010_20_NYJ_PIT,6.114,40.878
2010_21_PIT_GB,3.024,44.791
2011_01_NO_GB,5.582,45.538
2011_01_ATL_CHI,0.29,44.42
2011_01_BUF_KC,5.106,44.015
2011_01_CAR_ARI,0.967,47.126
2011_01_CIN_CLE,4.344,40.735
2011_01_DAL_NYJ,1.119,47.445
2011_01_DET_TB,5.157,42.848
2011_01_IND_HOU,5.674,41.972
2011_01_MIN_SD,6.507,44.926
2011_01_NYG_WAS,-4.279,41.597
2011_01_PHI_STL,-3.583,47.626
2011_01_PIT_BAL,0.451,43.071
2011_01_SEA_SF,3.111,42.884
2011_01_TEN_JAX,-0.554,42.05
2011_01_NE_MIA,-6.267,44.79
2011_01_OAK_DEN,-1.831,48.0
2011_02_ARI_WAS,2.835,42.843
2011_02_BAL_TEN,-3.995,41.474
2011_02_CHI_NO,2.497,48.544
2011_02_CIN_DEN,1.567,43.98
2011_02_CLE_IND,0.072,41.997
2011_02_DAL_SF,-1.132,47.259
2011_02_GB_CAR,-8.642,46.982
2011_02_HOU_MIA,-2.849,43.79
2011_02_JAX_NYJ,6.667,41.769
2011_02_KC_DET,4.624,46.58
2011_02_OAK_BUF,1.058,45.961
2011_02_PHI_ATL,-0.691,49.161
2011_02_SD_NE,5.104,47.461
2011_02_SEA_PIT,8.313,45.018
2011_02_TB_MIN,2.495,45.206
2011_02_STL_NYG,6.393,43.603
2011_03_ARI_SEA,-0.218,42.121
2011_03_ATL_TB,0.87,45.648
2011_03_BAL_STL,-6.562,44.124
2011_03_DEN_TEN,5.106,44.01
2011_03_DET_MIN,-0.89,46.416
2011_03_GB_CHI,-4.127,45.498
2011_03_HOU_NO,3.043,49.72
2011_03_JAX_CAR,3.312,44.71
2011_03_KC_SD,12.674,45.884
2011_03_MIA_CLE,3.116,42.908
2011_03_NE_BUF,-6.412,49.73
2011_03_NYG_PHI,5.083,48.302
2011_03_NYJ_OAK,-0.346,46.65
2011_03_PIT_IND,-6.473,42.412
2011_03_SF_CIN,1.937,42.893
2011_03_WAS_DAL,7.858,48.091
2011_04_ATL_SEA,-4.742,43.851
2011_04_BUF_CIN,-1.265,43.329
2011_04_CAR_CHI,5.525,43.312
2011_04_DEN_GB,12.46,46.889
2011_04_DET_DAL,1.572,50.338
2011_04_MIA_SD,7.301,43.367
2011_04_MIN_KC,-3.451,43.645
2011_04_NE_OAK,-4.238,52.16
2011_04_NO_JAX,-7.255,46.288
2011_04_NYG_ARI,-3.152,46.715
2011_04_NYJ_BAL,5.092,43.324
2011_04_PIT_HOU,1.437,44.783
2011_04_SF_PHI,4.908,42.514
2011_04_TEN_CLE,0.24,36.764
2011_04_WAS_STL,-2.371,42.824
2011_04_IND_TB,10.145,38.636
2011_05_ARI_MIN,4.442,46.09
2011_05_CIN_JAX,-1.036,36.8
2011_05_GB_ATL,-5.517,50.848
2011_05_KC_IND,0.623,40.678
2011_05_NO_CAR,-5.731,48.268
2011_05_NYJ_NE,9.308,48.473
2011_05_OAK_HOU,4.736,50.831
2011_05_PHI_BUF,0.511,49.631
2011_05_SD_DEN,-4.888,46.841
2011_05_SEA_NYG,9.005,45.499
2011_05_TB_SF,0.759,41.429
2011_05_TEN_PIT,3.731,40.265
2011_05_CHI_DET,4.554,48.248
2011_06_BUF_NYG,1.618,47.484
2011_06_CAR_ATL,5.144,48.962
2011_06_CLE_OAK,6.154,46.237
2011_06_DAL_NE,8.134,51.698
2011_06_HOU_BAL,5.861,44.888
2011_06_IND_CIN,6.929,38.656
2011_06_JAX_PIT,12.891,39.865
2011_06_MIN_CHI,2.091,42.683
2011_06_NO_TB,-5.322,46.724
2011_06_PHI_WAS,-1.604,44.149
2011_06_SF_DET,2.853,47.178
2011_06_STL_GB,18.154,40.709
2011_06_MIA_NYJ,6.729,41.539
2011_07_ATL_DET,3.094,48.698
2011_07_CHI_TB,-3.427,41.405
2011_07_DEN_MIA,0.24,42.97
2011_07_GB_MIN,-12.18,45.314
2011_07_HOU_TEN,0.628,44.538
2011_07_IND_NO,12.825,48.514
2011_07_KC_OAK,3.317,43.749
2011_07_PIT_ARI,-6.576,44.389
2011_07_SD_NYJ,-0.117,45.065
2011_07_SEA_CLE,3.161,42.359
2011_07_STL_DAL,10.254,47.304
2011_07_WAS_CAR,1.792,43.126
2011_07_BAL_JAX,-10.628,40.856
2011_08_ARI_BAL,12.885,43.658
2011_08_CIN_SEA,-2.954,38.825
2011_08_CLE_SF,9.128,40.713
2011_08_DAL_PHI,1.369,48.703
2011_08_DET_DEN,-3.55,46.602
2011_08_IND_TEN,8.829,43.479
2011_08_JAX_HOU,11.634,40.847
2011_08_MIA_NYG,8.633,42.145
2011_08_MIN_CAR,4.75,45.051
2011_08_NE_PIT,-2.05,45.936
2011_08_NO_STL,-13.132,48.738
2011_08_WAS_BUF,6.28,46.773
2011_08_SD_KC,-3.707,44.286
2011_09_ATL_IND,-10.541,43.885
2011_09_BAL_PIT,1.592,41.868
2011_09_CIN_TEN,-0.353,41.734
2011_09_CLE_HOU,9.59,43.856
2011_09_DEN_OAK,8.629,47.664
2011_09_GB_SD,-5.398,47.44
2011_09_MIA_KC,5.239,38.792
2011_09_NYG_NE,8.833,49.205
2011_09_NYJ_BUF,1.986,46.204
2011_09_SEA_DAL,7.879,47.411
2011_09_SF_WAS,-6.007,39.221
2011_09_STL_ARI,3.653,44.296
2011_09_TB_NO,9.675,49.711
2011_09_CHI_PHI,3.286,45.95
2011_10_OAK_SD,6.2,50.073
2011_10_ARI_PHI,10.745,45.508
2011_10_BAL_SEA,-7.732,42.767
2011_10_BUF_DAL,3.118,48.993
2011_10_DEN_KC,2.658,42.734
2011_10_DET_CHI,0.512,41.733
2011_10_HOU_TB,-3.97,43.9
2011_10_JAX_IND,-3.522,40.77
2011_10_NE_NYJ,-1.775,45.959
2011_10_NO_ATL,-0.731,50.447
2011_10_NYG_SF,4.154,44.489
2011_10_PIT_CIN,-1.141,37.68
2011_10_STL_CLE,5.283,28.087
2011_10_TEN_CAR,3.067,45.09
2011_10_WAS_MIA,4.027,33.792
2011_10_MIN_GB,14.666,45.608
2011_11_NYJ_DEN,-3.468,45.286
2011_11_ARI_SF,9.867,41.483
2011_11_BUF_MIA,1.34,40.371
2011_11_CAR_DET,7.677,49.336
2011_11_CIN_BAL,6.35,42.923
2011_11_DAL_WAS,-7.16,41.658
2011_11_JAX_CLE,2.508,33.781
2011_11_OAK_MIN,-2.187,47.736
2011_11_PHI_NYG,3.056,46.268
2011_11_SD_CHI,4.064,45.643
2011_11_SEA_STL,-1.458,41.775
2011_11_TB_GB,16.902,46.597
2011_11_TEN_ATL,5.432,45.179
2011_11_KC_NE,16.092,43.503
2011_12_GB_DET,-6.264,53.857
2011_12_MIA_DAL,6.569,44.904
2011_12_SF_BAL,3.136,42.357
2011_12_ARI_STL,-0.511,41.834
2011_12_BUF_NYJ,6.074,45.164
2011_12_CAR_IND,-5.178,47.449
2011_12_CHI_OAK,0.41,44.91
2011_12_CLE_CIN,6.555,40.249
2011_12_DEN_SD,7.131,47.063
2011_12_HOU_JAX,-3.801,35.643
2011_12_MIN_ATL,10.86,44.51
2011_12_NE_PHI,-5.847,45.549
2011_12_PIT_KC,-11.289,38.417
2011_12_TB_TEN,4.661,39.126
2011_12_WAS_SEA,4.292,38.494
2011_12_NYG_NO,7.999,51.287
2011_13_PHI_SEA,-1.34,42.981
2011_13_ATL_HOU,-0.67,42.457
2011_13_BAL_CLE,-6.974,33.154
2011_13_CAR_TB,-0.959,42.773
2011_13_CIN_PIT,6.264,41.154
2011_13_DAL_ARI,-5.522,48.728
2011_13_DEN_MIN,-0.075,44.461
2011_13_DET_NO,7.341,53.986
2011_13_GB_NYG,-9.641,49.892
2011_13_IND_NE,20.994,46.86
2011_13_KC_CHI,10.506,34.711
2011_13_NYJ_WAS,-3.386,40.811
2011_13_OAK_MIA,1.6,39.767
2011_13_STL_SF,11.637,39.274
2011_13_TEN_BUF,-0.401,42.076
2011_13_SD_JAX,-4.076,40.347
2011_14_CLE_PIT,12.276,38.111
2011_14_ATL_CAR,-3.087,46.163
2011_14_BUF_SD,7.666,47.927
2011_14_CHI_DEN,0.99,40.624
2011_14_HOU_CIN,-0.054,40.83
2011_14_IND_BAL,15.496,44.4
2011_14_KC_NYJ,10.232,38.603
2011_14_MIN_DET,8.919,48.507
2011_14_NE_WAS,-12.108,44.635
2011_14_NO_TEN,-5.719,47.334
2011_14_NYG_DAL,4.946,50.023
2011_14_OAK_GB,13.839,50.049
2011_14_PHI_MIA,1.821,42.675
2011_14_SF_ARI,-5.069,43.402
2011_14_TB_JAX,0.044,38.726
2011_14_STL_SEA,8.484,39.273
2011_15_JAX_ATL,10.135,41.299
2011_15_DAL_TB,-5.831,46.864
2011_15_BAL_SD,-0.03,45.216
2011_15_CAR_HOU,6.408,46.808
2011_15_CIN_STL,-5.012,44.109
2011_15_CLE_ARI,1.219,40.828
2011_15_DET_OAK,-1.0,50.682
2011_15_GB_KC,-14.357,46.184
2011_15_MIA_BUF,-1.454,41.095
2011_15_NE_DEN,-9.3,47.485
2011_15_NO_MIN,-11.554,50.034
2011_15_NYJ_PHI,1.226,45.845
2011_15_SEA_CHI,1.669,38.305
2011_15_TEN_IND,-5.797,44.934
2011_15_WAS_NYG,7.372,45.412
2011_15_PIT_SF,-0.731,38.448
2011_16_HOU_IND,-5.806,43.248
2011_16_ARI_CIN,5.647,43.162
2011_16_CLE_BAL,10.435,39.202
2011_16_DEN_BUF,0.624,45.713
2011_16_JAX_TEN,6.66,39.026
2011_16_MIA_NE,11.874,45.082
2011_16_MIN_WAS,5.193,42.054
2011_16_NYG_NYJ,3.397,48.027
2011_16_OAK_KC,0.178,44.37
2011_16_PHI_DAL,2.168,50.047
2011_16_SD_DET,-1.23,51.538
2011_16_SF_SEA,-2.178,40.414
2011_16_STL_PIT,10.019,34.696
2011_16_TB_CAR,7.199,48.029
2011_16_CHI_GB,14.251,44.381
2011_16_ATL_NO,5.735,50.335
2011_17_BAL_CIN,-2.59,40.145
2011_17_BUF_NE,14.414,50.415
2011_17_CAR_NO,10.883,54.393
2011_17_CHI_MIN,-1.238,46.613
2011_17_DAL_NYG,-0.124,48.124
2011_17_DET_GB,0.982,40.56
2011_17_IND_JAX,2.439,41.004
2011_17_KC_DEN,1.21,40.803
2011_17_NYJ_MIA,2.088,42.521
2011_17_PIT_CLE,-7.539,32.284
2011_17_SD_OAK,-2.663,48.926
2011_17_SEA_ARI,-2.341,44.659
2011_17_SF_STL,-10.399,39.424
2011_17_TB_ATL,12.577,47.604
2011_17_TEN_HOU,2.544,40.49
2011_17_WAS_PHI,9.975,43.473
2011_18_CIN_HOU,2.86,43.151
2011_18_DET_NO,9.12,55.129
2011_18_ATL_NYG,-0.768,47.129
2011_18_PIT_DEN,-8.882,39.867
2011_19_DEN_NE,16.274,47.451
2011_19_NO_SF,-4.254,47.02
2011_19_HOU_BAL,5.756,40.157
2011_19_NYG_GB,10.68,48.002
2011_20_BAL_NE,8.304,47.437
2011_20_NYG_SF,2.293,42.482
2011_21_NYG_NE,6.174,52.334
2012_01_DAL_NYG,2.799,45.958
2012_01_ATL_KC,-2.529,42.377
2012_01_BUF_NYJ,4.235,46.233
2012_01_CAR_TB,-2.429,46.166
2012_01_IND_CHI,7.495,43.214
2012_01_JAX_MIN,1.468,43.948
2012_01_MIA_HOU,7.143,45.744
2012_01_NE_TEN,-5.703,45.771
2012_01_PHI_CLE,-3.918,42.305
2012_01_PIT_DEN,2.395,48.358
2012_01_SEA_ARI,-0.143,44.509
2012_01_SF_GB,6.681,46.498
2012_01_STL_DET,9.342,47.236
2012_01_WAS_NO,11.386,49.591
2012_01_CIN_BAL,5.907,42.869
2012_01_SD_OAK,-1.529,47.341
2012_02_CHI_GB,5.282,49.882
2012_02_ARI_NE,11.466,46.997
2012_02_BAL_PHI,0.175,44.565
2012_02_CLE_CIN,2.457,40.942
2012_02_DAL_SEA,-2.233,43.636
2012_02_DET_SF,4.162,45.147
2012_02_HOU_JAX,-6.935,43.788
2012_02_KC_BUF,1.874,46.593
2012_02_MIN_IND,0.796,45.416
2012_02_NO_CAR,-3.901,50.057
2012_02_NYJ_PIT,3.108,45.501
2012_02_OAK_MIA,0.285,43.006
2012_02_TB_NYG,7.723,44.608
2012_02_TEN_SD,7.906,44.161
2012_02_WAS_STL,-3.706,47.273
2012_02_DEN_ATL,1.437,53.82
2012_03_NYG_CAR,0.669,47.774
2012_03_ATL_SD,3.704,46.201
2012_03_BUF_CLE,1.512,46.175
2012_03_CIN_WAS,4.953,49.378
2012_03_DET_TEN,-3.015,46.742
2012_03_HOU_DEN,-0.939,47.919
2012_03_JAX_IND,2.614,43.569
2012_03_KC_NO,11.238,51.407
2012_03_NE_BAL,-0.506,46.276
2012_03_NYJ_MIA,1.038,44.62
2012_03_PHI_ARI,-0.843,46.346
2012_03_PIT_OAK,-3.924,44.037
2012_03_SF_MIN,-5.363,46.214
2012_03_STL_CHI,7.765,44.612
2012_03_TB_DAL,7.117,47.947
2012_03_GB_SEA,-2.71,45.665
2012_04_CLE_BAL,10.878,42.505
2012_04_CAR_ATL,9.728,48.231
2012_04_CIN_JAX,-1.021,45.223
2012_04_MIA_ARI,4.586,43.947
2012_04_MIN_DET,4.862,51.891
2012_04_NE_BUF,-6.845,49.884
2012_04_NO_GB,4.413,51.27
2012_04_NYG_PHI,-0.806,46.268
2012_04_OAK_DEN,7.302,51.575
2012_04_SD_KC,-4.363,43.423
2012_04_SEA_STL,-4.748,42.774
2012_04_SF_NYJ,0.371,44.816
2012_04_TEN_HOU,12.082,49.029
2012_04_WAS_TB,-0.721,48.878
2012_04_CHI_DAL,1.724,44.839
2012_05_ARI_STL,-4.158,44.045
2012_05_ATL_WAS,-3.096,50.114
2012_05_BAL_KC,-7.389,45.151
2012_05_BUF_SF,9.612,47.531
2012_05_CHI_JAX,-6.82,42.328
2012_05_CLE_NYG,9.862,43.072
2012_05_DEN_NE,6.017,51.832
2012_05_GB_IND,-7.722,49.084
2012_05_MIA_CIN,2.901,45.773
2012_05_PHI_PIT,4.04,43.116
2012_05_SD_NO,1.915,51.958
2012_05_SEA_CAR,0.538,43.049
2012_05_TEN_MIN,5.38,47.54
2012_05_HOU_NYJ,-7.776,45.965
2012_06_PIT_TEN,-6.583,44.48
2012_06_BUF_ARI,7.365,49.087
2012_06_CIN_CLE,-1.609,41.889
2012_06_DAL_BAL,5.595,42.401
2012_06_DET_PHI,2.616,45.256
2012_06_GB_HOU,3.489,49.036
2012_06_IND_NYJ,2.972,45.179
2012_06_KC_TB,4.974,41.927
2012_06_MIN_WAS,1.498,45.491
2012_06_NE_SEA,-5.896,44.9
2012_06_NYG_SF,4.645,45.7
2012_06_OAK_ATL,10.872,49.666
2012_06_STL_MIA,5.255,36.793
2012_06_DEN_SD,0.978,48.411
2012_07_SEA_SF,5.733,37.453
2012_07_ARI_MIN,3.635,42.745
2012_07_BAL_HOU,3.925,47.616
2012_07_CLE_IND,0.551,45.284
2012_07_DAL_CAR,0.132,45.513
2012_07_GB_STL,-8.093,46.653
2012_07_JAX_OAK,6.52,43.536
2012_07_NO_TB,-4.173,50.172
2012_07_NYJ_NE,11.541,47.905
2012_07_PIT_CIN,-1.838,45.578
2012_07_TEN_BUF,3.055,47.79
2012_07_WAS_NYG,7.397,50.379
2012_07_DET_CHI,7.401,48.804
2012_08_TB_MIN,3.375,47.38
2012_08_ATL_PHI,-1.706,41.87
2012_08_CAR_CHI,9.141,40.581
2012_08_IND_TEN,1.621,44.294
2012_08_JAX_GB,17.685,45.667
2012_08_MIA_NYJ,1.06,43.139
2012_08_NE_STL,-11.187,46.134
2012_08_NO_DEN,2.896,53.819
2012_08_NYG_DAL,-2.61,46.017
2012_08_OAK_KC,-2.458,43.439
2012_08_SD_CLE,-4.259,41.571
2012_08_SEA_DET,1.811,45.102
2012_08_WAS_PIT,3.643,47.48
2012_08_SF_ARI,-5.823,39.524
2012_09_KC_SD,10.66,42.159
2012_09_ARI_GB,12.998,43.036
2012_09_BAL_CLE,-3.802,42.416
2012_09_BUF_HOU,13.987,52.895
2012_09_CAR_WAS,3.148,48.057
2012_09_CHI_TEN,-7.892,44.778
2012_09_DAL_ATL,6.573,47.365
2012_09_DEN_CIN,-6.093,49.678
2012_09_DET_JAX,-6.281,44.922
2012_09_MIA_IND,-2.833,44.029
2012_09_MIN_SEA,4.797,41.325
2012_09_PIT_NYG,4.515,45.088
2012_09_TB_OAK,-0.111,47.818
2012_09_PHI_NO,5.331,50.84
2012_10_IND_JAX,-3.223,41.892
2012_10_ATL_NO,0.732,51.72
2012_10_BUF_NE,16.609,51.431
2012_10_DAL_PHI,0.271,42.273
2012_10_DEN_CAR,-4.68,47.113
2012_10_DET_MIN,-1.946,49.638
2012_10_HOU_CHI,0.975,45.121
2012_10_NYG_CIN,-5.777,46.944
2012_10_NYJ_SEA,5.007,42.532
2012_10_OAK_BAL,7.229,47.964
2012_10_SD_TB,-0.316,46.798
2012_10_STL_SF,12.929,38.957
2012_10_TEN_MIA,8.649,42.406
2012_10_KC_PIT,12.451,39.624
2012_11_MIA_BUF,-0.04,46.089
2012_11_ARI_ATL,10.987,42.959
2012_11_BAL_PIT,-3.51,40.298
2012_11_CIN_KC,-3.544,42.863
2012_11_CLE_DAL,7.131,44.014
2012_11_GB_DET,-4.697,52.708
2012_11_IND_NE,12.974,47.544
2012_11_JAX_HOU,18.526,43.357
2012_11_NO_OAK,-7.085,53.681
2012_11_NYJ_STL,0.62,45.515
2012_11_PHI_WAS,6.997,43.859
2012_11_SD_DEN,7.324,47.877
2012_11_TB_CAR,-0.152,47.132
2012_11_CHI_SF,0.836,39.165
2012_12_HOU_DET,-4.381,50.211
2012_12_NE_NYJ,-10.638,50.75
2012_12_WAS_DAL,2.473,49.279
2012_12_ATL_TB,-1.701,48.064
2012_12_BAL_SD,-0.183,45.495
2012_12_BUF_IND,2.352,50.868
2012_12_DEN_KC,-15.121,43.835
2012_12_GB_NYG,-0.863,46.314
2012_12_MIN_CHI,7.064,44.163
2012_12_OAK_CIN,7.853,50.11
2012_12_PIT_CLE,-0.572,36.052
2012_12_SEA_MIA,-3.624,38.537
2012_12_SF_NO,0.914,48.797
2012_12_STL_ARI,4.533,42.209
2012_12_TEN_JAX,-0.179,49.518
2012_12_CAR_PHI,-3.015,40.31
2012_13_NO_ATL,2.135,52.05
2012_13_ARI_NYJ,3.255,42.277
2012_13_CAR_KC,-6.875,40.035
2012_13_CIN_SD,2.339,44.366
2012_13_CLE_OAK,-1.336,42.316
2012_13_HOU_TEN,-8.238,46.382
2012_13_IND_DET,5.641,50.079
2012_13_JAX_BUF,2.862,46.129
2012_13_MIN_GB,9.944,47.391
2012_13_NE_MIA,-11.733,46.058
2012_13_PHI_DAL,9.875,44.691
2012_13_PIT_BAL,7.719,38.435
2012_13_SEA_CHI,3.997,40.332
2012_13_SF_STL,-9.235,43.104
2012_13_TB_DEN,8.212,49.82
2012_13_NYG_WAS,-1.732,49.318
2012_14_DEN_OAK,-11.588,50.507
2012_14_ARI_SEA,9.955,37.861
2012_14_ATL_CAR,-4.093,44.472
2012_14_BAL_WAS,0.283,47.001
2012_14_CHI_MIN,-4.622,45.156
2012_14_DAL_CIN,2.514,47.552
2012_14_DET_GB,7.524,50.183
2012_14_KC_CLE,7.723,38.199
2012_14_MIA_SF,10.242,39.254
2012_14_NO_NYG,3.448,49.758
2012_14_NYJ_JAX,-0.442,45.556
2012_14_PHI_TB,8.712,46.198
2012_14_SD_PIT,4.292,42.064
2012_14_STL_BUF,2.449,44.325
2012_14_TEN_IND,3.609,49.662
2012_14_HOU_NE,6.437,51.868
2012_15_CIN_PHI,-4.223,43.562
2012_15_CAR_SD,4.223,45.075
2012_15_DEN_BAL,-1.704,46.875
2012_15_DET_ARI,-5.645,46.887
2012_15_GB_CHI,-0.262,44.387
2012_15_IND_HOU,10.344,49.17
2012_15_JAX_MIA,6.271,41.574
2012_15_KC_OAK,4.98,43.722
2012_15_MIN_STL,0.753,43.963
2012_15_NYG_ATL,-0.415,48.273
2012_15_PIT_DAL,0.969,47.095
2012_15_SEA_BUF,-7.382,47.095
2012_15_SF_NE,7.872,48.428
2012_15_TB_NO,4.483,54.836
2012_15_WAS_CLE,2.193,38.41
2012_15_NYJ_TEN,0.764,45.495
2012_16_ATL_DET,-5.46,49.909
2012_16_BUF_MIA,5.826,44.335
2012_16_CHI_ARI,-6.818,40.729
2012_16_CIN_PIT,2.457,43.928
2012_16_CLE_DEN,13.218,43.006
2012_16_IND_KC,-5.55,40.343
2012_16_MIN_HOU,8.916,48.333
2012_16_NE_JAX,-16.903,51.705
2012_16_NO_DAL,-1.09,53.458
2012_16_NYG_BAL,-0.425,46.234
2012_16_OAK_CAR,9.061,46.528
2012_16_SD_NYJ,-1.258,41.767
2012_16_SF_SEA,2.291,42.754
2012_16_STL_TB,4.402,45.007
2012_16_TEN_GB,12.422,46.262
2012_16_WAS_PHI,-7.275,46.395
2012_17_ARI_SF,10.967,43.18
2012_17_BAL_CIN,3.859,41.979
2012_17_CAR_NO,5.595,51.191
2012_17_CHI_DET,-3.154,48.243
2012_17_CLE_PIT,7.541,40.039
2012_17_DAL_WAS,3.739,50.271
2012_17_GB_MIN,-5.926,48.037
2012_17_HOU_IND,-5.226,48.24
2012_17_JAX_TEN,2.184,45.606
2012_17_KC_DEN,21.396,41.67
2012_17_MIA_NE,13.939,45.799
2012_17_NYJ_BUF,0.552,41.984
2012_17_OAK_SD,11.746,43.212
2012_17_PHI_NYG,8.587,45.919
2012_17_STL_SEA,14.018,42.568
2012_17_TB_ATL,10.831,48.339
2012_18_CIN_HOU,3.457,46.7
2012_18_MIN_GB,9.035,47.453
2012_18_IND_BAL,7.121,46.068
2012_18_SEA_WAS,-3.32,47.442
2012_19_BAL_DEN,8.519,46.121
2012_19_GB_SF,0.929,46.155
2012_19_HOU_NE,10.38,50.425
2012_19_SEA_ATL,-1.126,45.119
2012_20_BAL_NE,9.963,49.194
2012_20_SF_ATL,0.338,47.28
2012_21_BAL_SF,2.925,48.564
2013_01_BAL_DEN,5.38,47.795
2013_01_ARI_STL,-1.678,48.636
2013_01_ATL_NO,1.576,50.527
2013_01_CIN_CHI,2.75,42.992
2013_01_GB_SF,1.556,48.1
2013_01_KC_JAX,-1.276,43.388
2013_01_MIA_CLE,0.635,40.847
2013_01_MIN_DET,1.503,48.869
2013_01_NE_BUF,-8.497,48.069
2013_01_NYG_DAL,0.057,48.837
2013_01_OAK_IND,6.187,45.742
2013_01_SEA_CAR,-2.246,45.144
2013_01_TB_NYJ,0.799,45.379
2013_01_TEN_PIT,7.405,45.122
2013_01_HOU_SD,0.554,45.447
2013_01_PHI_WAS,5.937,48.088
2013_02_NYJ_NE,9.097,46.475
2013_02_CAR_BUF,-1.873,43.877
2013_02_CLE_BAL,6.946,45.603
2013_02_DAL_KC,-1.384,46.197
2013_02_DEN_NYG,-4.683,50.496
2013_02_DET_ARI,3.967,52.024
2013_02_JAX_OAK,4.415,44.249
2013_02_MIA_IND,1.163,42.48
2013_02_MIN_CHI,5.158,44.737
2013_02_NO_TB,-2.722,47.928
2013_02_SD_PHI,-0.2,47.738
2013_02_SF_SEA,2.635,45.433
2013_02_STL_ATL,7.417,46.066
2013_02_TEN_HOU,7.423,48.178
2013_02_WAS_GB,5.901,49.812
2013_02_PIT_CIN,2.558,42.16
2013_03_KC_PHI,2.41,45.665
2013_03_ARI_NO,3.757,49.999
2013_03_ATL_MIA,-1.394,43.432
2013_03_BUF_NYJ,2.336,38.384
2013_03_CHI_PIT,0.405,42.137
2013_03_CLE_MIN,5.661,45.477
2013_03_DET_WAS,3.241,49.654
2013_03_GB_CIN,-2.813,45.492
2013_03_HOU_BAL,0.617,47.518
2013_03_IND_SF,8.296,46.126
2013_03_JAX_SEA,15.657,39.185
2013_03_NYG_CAR,1.242,44.809
2013_03_SD_TEN,0.466,47.054
2013_03_STL_DAL,5.378,48.64
2013_03_TB_NE,8.241,45.276
2013_03_OAK_DEN,14.917,45.493
2013_04_SF_STL,-1.805,46.757
2013_04_ARI_TB,-0.426,42.996
2013_04_BAL_BUF,-4.782,44.601
2013_04_CHI_DET,-1.883,50.004
2013_04_CIN_CLE,-3.223,42.006
2013_04_DAL_SD,-1.017,47.183
2013_04_IND_JAX,-6.417,41.406
2013_04_NE_ATL,0.047,47.998
2013_04_NYG_KC,3.597,44.857
2013_04_NYJ_TEN,1.136,42.681
2013_04_PHI_DEN,13.213,52.435
2013_04_PIT_MIN,-0.009,45.76
2013_04_SEA_HOU,-3.345,47.099
2013_04_WAS_OAK,-1.065,44.932
2013_04_MIA_NO,6.334,46.511
2013_05_BUF_CLE,1.552,42.364
2013_05_BAL_MIA,-0.082,44.26
2013_05_CAR_ARI,-3.64,44.681
2013_05_DEN_DAL,-7.721,54.15
2013_05_DET_GB,8.296,51.728
2013_05_HOU_SF,1.742,46.25
2013_05_JAX_STL,9.413,44.542
2013_05_KC_TEN,1.869,42.015
2013_05_NE_CIN,-6.642,43.866
2013_05_NO_CHI,-1.55,49.049
2013_05_PHI_NYG,-1.264,50.207
2013_05_SD_OAK,-2.98,44.926
2013_05_SEA_IND,-3.17,44.884
2013_05_NYJ_ATL,7.15,46.639
2013_06_NYG_CHI,8.815,48.99
2013_06_ARI_SF,5.53,43.26
2013_06_CAR_MIN,2.459,48.312
2013_06_CIN_BUF,-3.315,44.005
2013_06_DET_CLE,-0.315,44.555
2013_06_GB_BAL,-0.515,47.733
2013_06_JAX_DEN,22.713,54.478
2013_06_NO_NE,3.167,45.324
2013_06_OAK_KC,6.839,40.635
2013_06_PHI_TB,-0.672,42.625
2013_06_PIT_NYJ,-0.65,43.659
2013_06_STL_HOU,6.112,47.859
2013_06_TEN_SEA,8.488,44.728
2013_06_WAS_DAL,3.117,52.173
2013_06_IND_SD,-1.652,45.288
2013_07_SEA_ARI,-6.031,45.16
2013_07_BAL_PIT,-0.034,41.581
2013_07_BUF_MIA,5.801,46.885
2013_07_CHI_WAS,0.603,47.383
2013_07_CIN_DET,1.903,46.781
2013_07_CLE_GB,6.589,44.738
2013_07_DAL_PHI,-1.65,49.889
2013_07_DEN_IND,-3.998,52.206
2013_07_HOU_KC,11.652,37.802
2013_07_NE_NYJ,-8.406,42.444
2013_07_SD_JAX,-9.241,45.776
2013_07_SF_TEN,-4.644,45.217
2013_07_STL_CAR,7.567,42.913
2013_07_TB_ATL,8.426,45.525
2013_07_MIN_NYG,-0.369,50.369
2013_08_CAR_TB,-9.707,40.39
2013_08_ATL_ARI,0.575,48.682
2013_08_BUF_NO,13.075,50.686
2013_08_CLE_KC,5.243,41.853
2013_08_DAL_DET,1.302,50.684
2013_08_GB_MIN,-4.402,50.182
2013_08_MIA_NE,8.291,43.34
2013_08_NYG_PHI,4.814,47.228
2013_08_NYJ_CIN,8.331,41.936
2013_08_PIT_OAK,-3.269,38.662
2013_08_SF_JAX,-15.347,44.476
2013_08_WAS_DEN,10.763,57.388
2013_08_SEA_STL,-8.425,46.997
2013_09_CIN_MIA,-3.677,42.979
2013_09_ATL_CAR,8.617,44.506
2013_09_BAL_CLE,0.177,44.116
2013_09_IND_HOU,-6.955,44.928
2013_09_KC_BUF,-3.924,43.288
2013_09_MIN_DAL,8.254,52.056
2013_09_NO_NYJ,-10.306,44.984
2013_09_PHI_OAK,0.852,42.682
2013_09_PIT_NE,6.988,42.9
2013_09_SD_WAS,-0.728,44.947
2013_09_TB_SEA,17.427,41.583
2013_09_TEN_STL,1.116,45.717
2013_09_CHI_GB,8.153,49.3
2013_10_WAS_MIN,-3.984,53.49
2013_10_BUF_PIT,4.51,42.826
2013_10_CAR_SF,3.25,44.018
2013_10_CIN_BAL,1.475,40.404
2013_10_DAL_NO,7.153,50.72
2013_10_DEN_SD,-5.774,53.589
2013_10_DET_CHI,2.628,50.864
2013_10_HOU_ARI,8.573,45.179
2013_10_JAX_TEN,10.534,45.746
2013_10_OAK_NYG,9.069,42.118
2013_10_PHI_GB,1.256,42.036
2013_10_SEA_ATL,-3.535,48.125
2013_10_STL_IND,8.743,46.587
2013_10_MIA_TB,-0.589,42.558
2013_11_IND_TEN,-1.041,46.002
2013_11_ARI_JAX,-10.461,45.53
2013_11_ATL_TB,-1.551,45.096
2013_11_BAL_CHI,1.324,44.175
2013_11_CLE_CIN,3.064,43.89
2013_11_DET_PIT,-0.553,45.399
2013_11_GB_NYG,3.488,41.167
2013_11_KC_DEN,8.083,49.795
2013_11_MIN_SEA,13.827,45.962
2013_11_NYJ_BUF,1.448,43.721
2013_11_OAK_HOU,2.609,45.672
2013_11_SD_MIA,-3.107,42.71
2013_11_SF_NO,3.572,48.999
2013_11_WAS_PHI,2.02,50.448
2013_11_NE_CAR,2.664,44.128
2013_12_NO_ATL,-5.892,51.701
2013_12_CAR_MIA,-6.902,39.751
2013_12_CHI_STL,-0.639,49.022
2013_12_DAL_NYG,-1.279,46.615
2013_12_DEN_NE,-1.536,50.165
2013_12_IND_ARI,1.972,47.268
2013_12_JAX_HOU,8.326,46.92
2013_12_MIN_GB,3.652,44.533
2013_12_NYJ_BAL,11.49,37.423
2013_12_PIT_CLE,1.167,37.925
2013_12_SD_KC,2.718,39.674
2013_12_TB_DET,6.91,49.287
2013_12_TEN_OAK,-2.085,45.863
2013_12_SF_WAS,-4.692,47.122
2013_13_GB_DET,4.814,47.001
2013_13_OAK_DAL,9.358,49.177
2013_13_PIT_BAL,3.965,42.544
2013_13_ARI_PHI,1.008,45.806
2013_13_ATL_BUF,-2.152,49.866
2013_13_CHI_MIN,-2.934,54.109
2013_13_CIN_SD,-1.242,45.353
2013_13_DEN_KC,-4.242,51.011
2013_13_JAX_CLE,5.845,42.733
2013_13_MIA_NYJ,-4.133,41.911
2013_13_NE_HOU,-9.469,47.124
2013_13_NYG_WAS,0.539,46.947
2013_13_STL_SF,7.577,44.329
2013_13_TB_CAR,10.043,41.797
2013_13_TEN_IND,4.565,49.319
2013_13_NO_SEA,2.565,45.926
2013_14_HOU_JAX,-0.806,43.849
2013_14_ATL_GB,-1.771,43.756
2013_14_BUF_TB,2.468,45.371
2013_14_CAR_NO,0.401,44.736
2013_14_CLE_NE,10.62,48.783
2013_14_DET_PHI,1.997,47.949
2013_14_IND_CIN,5.732,43.853
2013_14_KC_WAS,-1.844,45.52
2013_14_MIA_PIT,0.602,42.128
2013_14_MIN_BAL,6.416,46.086
2013_14_NYG_SD,5.35,44.002
2013_14_OAK_NYJ,1.353,42.521
2013_14_SEA_SF,-1.044,43.168
2013_14_STL_ARI,5.673,46.827
2013_14_TEN_DEN,13.854,52.976
2013_14_DAL_CHI,0.945,48.625
2013_15_SD_DEN,8.401,53.898
2013_15_ARI_TEN,-3.191,45.802
2013_15_BUF_JAX,-4.171,42.692
2013_15_CHI_CLE,-2.358,47.826
2013_15_CIN_PIT,-1.827,41.23
2013_15_GB_DAL,7.233,48.015
2013_15_HOU_IND,5.782,47.601
2013_15_KC_OAK,-4.573,44.753
2013_15_NE_MIA,-2.452,45.438
2013_15_NO_STL,-8.913,47.744
2013_15_NYJ_CAR,16.258,40.269
2013_15_PHI_MIN,-4.937,52.009
2013_15_SEA_NYG,-9.606,43.249
2013_15_SF_TB,-6.525,42.232
2013_15_WAS_ATL,8.968,49.129
2013_15_BAL_DET,1.144,47.593
2013_16_ARI_SEA,8.93,44.187
2013_16_CHI_PHI,1.878,50.371
2013_16_CLE_NYJ,-0.128,45.334
2013_16_DAL_WAS,-5.436,49.755
2013_16_DEN_HOU,-10.295,56.939
2013_16_IND_KC,5.999,45.47
2013_16_MIA_BUF,-3.04,44.894
2013_16_MIN_CIN,8.167,49.454
2013_16_NE_BAL,-0.013,45.551
2013_16_NO_CAR,2.572,40.616
2013_16_NYG_DET,5.331,46.846
2013_16_OAK_SD,10.997,47.259
2013_16_PIT_GB,-0.808,42.598
2013_16_TB_STL,2.872,45.662
2013_16_TEN_JAX,-4.762,46.463
2013_16_ATL_SF,11.01,45.919
2013_17_BAL_CIN,5.22,42.808
2013_17_BUF_NE,11.543,48.426
2013_17_CAR_ATL,-6.144,46.871
2013_17_CLE_PIT,7.587,47.653
2013_17_DEN_OAK,-14.428,53.928
2013_17_DET_MIN,-0.569,53.136
2013_17_GB_CHI,-3.535,52.81
2013_17_HOU_TEN,2.836,48.485
2013_17_JAX_IND,13.289,47.101
2013_17_KC_SD,11.899,42.925
2013_17_NYJ_MIA,7.29,41.164
2013_17_PHI_DAL,-2.858,51.408
2013_17_SF_ARI,-1.505,46.425
2013_17_STL_SEA,12.014,42.415
2013_17_TB_NO,11.839,46.221
2013_17_WAS_NYG,6.501,43.332
2013_18_KC_IND,1.21,47.57
2013_18_NO_PHI,-1.106,47.913
2013_18_SD_CIN,3.489,45.436
2013_18_SF_GB,-0.611,49.628
2013_19_IND_NE,7.453,47.392
2013_19_NO_SEA,5.619,40.535
2013_19_SD_DEN,9.268,49.439
2013_19_SF_CAR,1.294,41.124
2013_20_NE_DEN,4.335,55.452
2013_20_SF_SEA,2.473,41.664
2013_21_SEA_DEN,1.703,48.728
2014_01_GB_SEA,4.151,48.65
2014_01_BUF_CHI,3.119,47.607
2014_01_CAR_TB,5.615,41.867
2014_01_CIN_BAL,-0.433,44.836
2014_01_CLE_PIT,6.664,45.46
2014_01_IND_DEN,7.385,50.265
2014_01_JAX_PHI,8.267,47.218
2014_01_MIN_STL,5.213,50.937
2014_01_NE_MIA,-4.218,45.804
2014_01_NO_ATL,-2.414,49.175
2014_01_OAK_NYJ,3.022,44.8
2014_01_SF_DAL,-1.912,49.177
2014_01_TEN_KC,5.306,47.203
2014_01_WAS_HOU,0.8,48.521
2014_01_NYG_DET,2.817,46.848
2014_01_SD_ARI,0.708,47.379
2014_02_PIT_BAL,0.074,45.376
2014_02_ARI_NYG,1.376,41.42
2014_02_ATL_CIN,4.783,47.892
2014_02_CHI_SF,9.476,46.467
2014_02_DAL_TEN,3.046,47.269
2014_02_DET_CAR,4.346,44.59
2014_02_HOU_OAK,-0.439,41.358
2014_02_JAX_WAS,4.523,45.549
2014_02_KC_DEN,8.692,49.711
2014_02_MIA_BUF,-0.076,43.85
2014_02_NE_MIN,-0.545,49.014
2014_02_NO_CLE,-4.812,47.626
2014_02_NYJ_GB,7.576,46.546
2014_02_SEA_SD,-2.42,43.552
2014_02_STL_TB,4.244,45.71
2014_02_PHI_IND,0.751,50.772
2014_03_TB_ATL,2.763,49.695
2014_03_BAL_CLE,-1.414,39.943
2014_03_DAL_STL,-1.47,47.736
2014_03_DEN_SEA,2.238,47.805
2014_03_GB_DET,-0.37,51.8
2014_03_HOU_NYG,0.417,42.5
2014_03_IND_JAX,-8.379,47.751
2014_03_KC_MIA,1.895,44.089
2014_03_MIN_NO,7.688,49.812
2014_03_OAK_NE,13.464,46.388
2014_03_PIT_CAR,6.37,43.254
2014_03_SD_BUF,-1.912,39.597
2014_03_SF_ARI,-1.999,43.504
2014_03_TEN_CIN,6.415,39.754
2014_03_WAS_PHI,7.501,45.945
2014_03_CHI_NYJ,-0.302,46.291
2014_04_NYG_WAS,1.642,45.101
2014_04_ATL_MIN,-4.626,48.188
2014_04_BUF_HOU,2.768,44.341
2014_04_CAR_BAL,1.395,41.957
2014_04_DET_NYJ,-1.508,43.077
2014_04_GB_CHI,0.446,50.298
2014_04_JAX_SD,16.858,46.332
2014_04_MIA_OAK,-2.887,43.428
2014_04_NO_DAL,0.213,50.321
2014_04_PHI_SF,4.342,47.555
2014_04_TB_PIT,10.41,45.474
2014_04_TEN_IND,7.922,45.025
2014_04_NE_KC,-0.254,45.749
2014_05_MIN_GB,8.82,48.57
2014_05_ARI_DEN,6.807,45.684
2014_05_ATL_NYG,3.258,49.785
2014_05_BAL_IND,2.035,47.255
2014_05_BUF_DET,3.824,46.18
2014_05_CHI_CAR,4.133,46.55
2014_05_CIN_NE,-0.833,44.496
2014_05_CLE_TEN,-0.37,44.862
2014_05_HOU_DAL,5.592,48.36
2014_05_KC_SF,2.399,44.835
2014_05_NYJ_SD,10.767,43.617
2014_05_PIT_JAX,-10.733,48.488
2014_05_STL_PHI,3.953,46.926
2014_05_TB_NO,11.895,47.495
2014_05_SEA_WAS,-9.451,45.727
2014_06_IND_HOU,-1.234,47.584
2014_06_BAL_TB,-4.23,43.974
2014_06_CAR_CIN,4.085,44.179
2014_06_CHI_ATL,3.58,54.133
2014_06_DAL_SEA,5.6,46.546
2014_06_DEN_NYJ,-11.45,46.943
2014_06_DET_MIN,-0.054,44.815
2014_06_GB_MIA,-5.442,47.266
2014_06_JAX_TEN,6.06,44.671
2014_06_NE_BUF,-2.336,46.277
2014_06_NYG_PHI,2.618,49.431
2014_06_PIT_CLE,0.055,46.27
2014_06_SD_OAK,-10.547,43.477
2014_06_WAS_ARI,9.224,48.539
2014_06_SF_STL,-4.238,46.86
2014_07_NYJ_NE,13.649,45.295
2014_07_ARI_OAK,-7.622,46.089
2014_07_ATL_BAL,8.797,45.83
2014_07_CAR_GB,6.89,48.759
2014_07_CIN_IND,3.947,49.667
2014_07_CLE_JAX,-6.372,46.691
2014_07_KC_SD,4.132,45.067
2014_07_MIA_CHI,1.666,47.26
2014_07_MIN_BUF,6.268,45.074
2014_07_NO_DET,0.289,45.939
2014_07_NYG_DAL,6.675,48.779
2014_07_SEA_STL,-3.952,48.008
2014_07_SF_DEN,6.402,47.343
2014_07_TEN_WAS,3.776,44.165
2014_07_HOU_PIT,2.02,43.52
2014_08_SD_DEN,6.456,48.602
2014_08_BAL_CIN,-2.243,43.787
2014_08_BUF_NYJ,-3.787,41.406
2014_08_CHI_NE,8.839,47.936
2014_08_DET_ATL,-1.682,43.769
2014_08_GB_NO,-2.12,52.861
2014_08_HOU_TEN,-2.529,42.899
2014_08_IND_PIT,-2.094,46.867
2014_08_MIA_JAX,-6.149,43.534
2014_08_MIN_TB,-0.609,45.636
2014_08_OAK_CLE,5.505,42.379
2014_08_PHI_ARI,1.56,49.832
2014_08_SEA_CAR,-2.685,46.18
2014_08_STL_KC,8.833,47.046
2014_08_WAS_DAL,11.0,50.379
2014_09_NO_CAR,-3.672,47.967
2014_09_ARI_DAL,-5.986,43.872
2014_09_BAL_PIT,-1.901,46.055
2014_09_DEN_NE,-4.633,49.375
2014_09_JAX_CIN,10.414,43.79
2014_09_NYJ_KC,12.965,43.516
2014_09_OAK_SEA,10.919,43.528
2014_09_PHI_HOU,-0.946,49.044
2014_09_SD_MIA,-3.382,42.287
2014_09_STL_SF,11.268,45.913
2014_09_TB_CLE,9.103,45.841
2014_09_WAS_MIN,0.376,45.451
2014_09_IND_NYG,-3.47,48.443
2014_10_CLE_CIN,3.137,42.872
2014_10_ATL_TB,-3.625,50.637
2014_10_CHI_GB,10.477,51.996
2014_10_DAL_JAX,-10.599,46.243
2014_10_DEN_OAK,-13.083,49.659
2014_10_KC_BUF,-2.099,45.431
2014_10_MIA_DET,0.421,43.139
2014_10_NYG_SEA,7.838,45.018
2014_10_PIT_NYJ,-4.249,49.153
2014_10_SF_NO,5.507,48.217
2014_10_STL_ARI,11.631,47.165
2014_10_TEN_BAL,10.576,43.079
2014_10_CAR_PHI,4.252,44.234
2014_11_BUF_MIA,3.935,43.946
2014_11_ATL_CAR,-1.774,47.202
2014_11_CIN_NO,9.354,49.981
2014_11_DEN_STL,-11.013,53.686
2014_11_DET_ARI,5.083,41.925
2014_11_HOU_CLE,4.308,41.474
2014_11_MIN_CHI,-1.95,46.486
2014_11_NE_IND,0.618,54.851
2014_11_OAK_SD,13.134,43.952
2014_11_PHI_GB,9.858,49.411
2014_11_SEA_KC,2.477,43.243
2014_11_SF_NYG,-2.601,44.444
2014_11_TB_WAS,6.564,50.408
2014_11_PIT_TEN,-4.911,44.572
2014_12_KC_OAK,-10.495,43.412
2014_12_ARI_SEA,3.018,42.69
2014_12_CIN_HOU,-1.463,44.638
2014_12_CLE_ATL,4.0,46.965
2014_12_DAL_NYG,-5.41,47.366
2014_12_DET_NE,11.322,45.269
2014_12_GB_MIN,-10.676,48.957
2014_12_JAX_IND,12.01,50.674
2014_12_MIA_DEN,5.309,47.298
2014_12_STL_SD,5.765,44.317
2014_12_TB_CHI,0.503,49.584
2014_12_TEN_PHI,6.11,45.129
2014_12_WAS_SF,8.66,44.669
2014_12_BAL_NO,1.574,48.622
2014_12_NYJ_BUF,2.994,47.026
2014_13_CHI_DET,5.372,45.239
2014_13_PHI_DAL,5.823,52.973
2014_13_SEA_SF,1.005,41.68
2014_13_ARI_ATL,-0.761,45.541
2014_13_CAR_MIN,2.465,39.576
2014_13_CIN_TB,-5.014,45.566
2014_13_CLE_BUF,6.157,40.608
2014_13_DEN_KC,1.576,46.016
2014_13_NE_GB,1.472,52.441
2014_13_NO_PIT,2.203,48.843
2014_13_NYG_JAX,-2.958,43.665
2014_13_OAK_STL,5.838,47.02
2014_13_SD_BAL,2.694,43.876
2014_13_TEN_HOU,9.585,45.045
2014_13_WAS_IND,9.029,49.892
2014_13_MIA_NYJ,-9.444,42.554
2014_14_DAL_CHI,-4.661,49.581
2014_14_BAL_MIA,2.802,44.903
2014_14_BUF_DEN,7.81,48.956
2014_14_CAR_NO,9.625,50.374
2014_14_HOU_JAX,-8.718,41.481
2014_14_IND_CLE,-5.951,47.177
2014_14_KC_ARI,-2.207,42.639
2014_14_NE_SD,-3.36,48.504
2014_14_NYG_TEN,-3.682,46.017
2014_14_NYJ_MIN,6.242,38.193
2014_14_PIT_CIN,2.384,46.372
2014_14_SEA_PHI,-1.507,44.568
2014_14_SF_OAK,-7.589,41.158
2014_14_STL_WAS,-7.219,47.167
2014_14_TB_DET,9.815,43.834
2014_14_ATL_GB,11.496,51.691
2014_15_ARI_STL,4.793,44.162
2014_15_CIN_CLE,-0.255,42.263
2014_15_DAL_PHI,0.023,50.314
2014_15_DEN_SD,-3.788,49.112
2014_15_GB_BUF,-4.877,49.432
2014_15_HOU_IND,5.951,51.114
2014_15_JAX_BAL,16.009,43.703
2014_15_MIA_NE,11.045,46.808
2014_15_MIN_DET,8.57,43.054
2014_15_NYJ_TEN,-2.108,44.248
2014_15_OAK_KC,11.45,41.323
2014_15_PIT_ATL,-0.471,53.746
2014_15_SF_SEA,8.243,39.959
2014_15_TB_CAR,1.925,41.894
2014_15_WAS_NYG,8.097,45.34
2014_15_NO_CHI,-5.278,51.496
2014_16_TEN_JAX,1.498,42.757
2014_16_PHI_WAS,-4.715,48.68
2014_16_SD_SF,0.746,40.318
2014_16_ATL_NO,3.365,53.07
2014_16_BAL_HOU,-4.903,43.986
2014_16_BUF_OAK,-9.611,42.905
2014_16_CLE_CAR,5.893,41.675
2014_16_DET_CHI,-9.789,40.111
2014_16_GB_TB,-12.892,50.063
2014_16_IND_DAL,2.869,53.987
2014_16_KC_PIT,1.839,47.253
2014_16_MIN_MIA,4.799,43.122
2014_16_NE_NYJ,-13.912,45.567
2014_16_NYG_STL,5.639,46.829
2014_16_SEA_ARI,-8.059,37.424
2014_16_DEN_CIN,-5.214,47.579
2014_17_ARI_SF,4.355,35.236
2014_17_BUF_NE,-1.213,40.149
2014_17_CAR_ATL,3.336,49.066
2014_17_CHI_MIN,7.141,47.004
2014_17_CIN_PIT,2.483,47.385
2014_17_CLE_BAL,8.128,42.472
2014_17_DAL_WAS,-7.061,48.816
2014_17_DET_GB,9.848,44.702
2014_17_IND_TEN,-8.323,48.329
2014_17_JAX_HOU,8.536,41.153
2014_17_NO_TB,-3.223,46.676
2014_17_NYJ_MIA,9.889,41.965
2014_17_OAK_DEN,16.963,49.145
2014_17_PHI_NYG,1.676,49.326
2014_17_SD_KC,1.71,41.193
2014_17_STL_SEA,8.58,42.904
2014_18_ARI_CAR,6.369,37.504
2014_18_BAL_PIT,2.734,47.405
2014_18_CIN_IND,2.574,49.726
2014_18_DET_DAL,6.915,47.369
2014_19_BAL_NE,8.721,45.367
2014_19_CAR_SEA,7.878,41.474
2014_19_DAL_GB,5.238,51.987
2014_19_IND_DEN,9.551,52.323
2014_20_GB_SEA,-1.34,44.644
2014_20_IND_NE,8.407,48.31
2014_21_NE_SEA,-2.932,47.647
2015_01_PIT_NE,6.647,48.28
2015_01_BAL_DEN,4.245,46.239
2015_01_CAR_JAX,-3.609,43.595
2015_01_CIN_OAK,-3.635,44.739
2015_01_CLE_NYJ,1.556,45.75
2015_01_DET_SD,2.726,43.114
2015_01_GB_CHI,-6.291,47.952
2015_01_IND_BUF,-0.595,42.422
2015_01_KC_HOU,-0.825,44.47
2015_01_MIA_WAS,-2.211,45.438
2015_01_NO_ARI,2.062,48.452
2015_01_NYG_DAL,5.877,49.831
2015_01_SEA_STL,-0.91,47.94
2015_01_TEN_TB,2.33,43.424
2015_01_MIN_SF,3.321,43.455
2015_01_PHI_ATL,2.704,49.171
2015_02_DEN_KC,-0.327,44.155
2015_02_ARI_CHI,-3.542,46.354
2015_02_ATL_NYG,1.506,47.203
2015_02_BAL_OAK,-6.957,44.107
2015_02_DAL_PHI,-0.764,46.823
2015_02_DET_MIN,0.104,42.845
2015_02_HOU_CAR,4.985,43.006
2015_02_MIA_JAX,-5.268,42.239
2015_02_NE_BUF,-3.835,44.893
2015_02_SD_CIN,2.33,45.805
2015_02_SEA_GB,2.657,47.713
2015_02_SF_PIT,2.362,43.766
2015_02_STL_WAS,-5.261,46.381
2015_02_TB_NO,9.817,47.874
2015_02_TEN_CLE,-1.796,43.998
2015_02_NYJ_IND,2.067,48.703
2015_03_WAS_NYG,3.111,44.325
2015_03_ATL_DAL,-1.871,43.865
2015_03_BUF_MIA,1.97,44.449
2015_03_CHI_SEA,15.122,45.407
2015_03_CIN_BAL,1.213,44.524
2015_03_DEN_DET,-4.081,48.067
2015_03_IND_TEN,2.191,46.345
2015_03_JAX_NE,15.416,46.406
2015_03_NO_CAR,11.335,39.28
2015_03_OAK_CLE,6.42,45.171
2015_03_PHI_NYJ,5.11,44.481
2015_03_PIT_STL,-1.18,50.932
2015_03_SD_MIN,-0.078,43.342
2015_03_SF_ARI,5.132,47.155
2015_03_TB_HOU,5.536,45.506
2015_03_KC_GB,6.104,46.77
2015_04_BAL_PIT,1.154,43.244
2015_04_CAR_TB,-6.368,42.456
2015_04_CLE_SD,2.409,45.832
2015_04_DAL_NO,5.65,47.518
2015_04_GB_SF,-6.809,47.697
2015_04_HOU_ATL,5.554,47.447
2015_04_JAX_IND,6.822,43.283
2015_04_KC_CIN,5.429,46.025
2015_04_MIN_DEN,8.825,44.025
2015_04_NYG_BUF,4.491,47.353
2015_04_NYJ_MIA,-2.126,43.643
2015_04_OAK_CHI,-1.151,48.884
2015_04_PHI_WAS,-2.267,43.124
2015_04_STL_ARI,6.526,48.775
2015_04_DET_SEA,7.678,42.938
2015_05_IND_HOU,0.998,44.584
2015_05_ARI_DET,-5.062,47.256
2015_05_BUF_TEN,0.242,47.64
2015_05_CHI_KC,7.929,48.935
2015_05_CLE_BAL,3.163,46.651
2015_05_DEN_OAK,-7.85,46.872
2015_05_JAX_TB,1.897,42.577
2015_05_NE_DAL,-9.907,50.178
2015_05_NO_PHI,0.896,47.132
2015_05_SEA_CIN,1.374,43.488
2015_05_SF_NYG,5.98,43.399
2015_05_STL_GB,8.885,45.052
2015_05_WAS_ATL,10.72,49.635
2015_05_PIT_SD,1.432,43.548
2015_06_ATL_NO,-3.776,52.299
2015_06_ARI_PIT,-3.635,44.391
2015_06_BAL_SF,-1.0,45.458
2015_06_CAR_SEA,3.367,43.171
2015_06_CHI_DET,4.925,47.54
2015_06_CIN_BUF,-4.043,43.245
2015_06_DEN_CLE,-3.141,42.998
2015_06_HOU_JAX,-1.959,41.925
2015_06_KC_MIN,3.409,44.708
2015_06_MIA_TEN,2.74,46.195
2015_06_NE_IND,-5.599,51.372
2015_06_SD_GB,11.358,46.686
2015_06_WAS_NYJ,10.244,40.485
2015_06_NYG_PHI,0.747,47.264
2015_07_SEA_SF,-3.23,42.65
2015_07_ATL_TEN,-8.493,47.435
2015_07_BUF_JAX,-2.062,43.387
2015_07_CLE_STL,1.54,47.318
2015_07_DAL_NYG,5.028,42.339
2015_07_HOU_MIA,4.72,44.3
2015_07_MIN_DET,-1.129,45.037
2015_07_NO_IND,1.821,48.344
2015_07_NYJ_NE,6.94,48.378
2015_07_OAK_SD,4.508,46.13
2015_07_PHI_CAR,3.663,45.106
2015_07_PIT_KC,-1.294,42.323
2015_07_TB_WAS,3.528,45.375
2015_07_BAL_ARI,6.08,50.877
2015_08_MIA_NE,9.656,50.198
2015_08_ARI_CLE,-3.758,44.056
2015_08_CIN_PIT,0.818,46.813
2015_08_DET_KC,0.547,45.21
2015_08_GB_DEN,0.084,45.822
2015_08_MIN_CHI,-3.2,45.223
2015_08_NYG_NO,1.852,49.939
2015_08_NYJ_OAK,-1.337,45.551
2015_08_SD_BAL,4.122,48.607
2015_08_SEA_DAL,-6.46,43.428
2015_08_SF_STL,5.985,43.241
2015_08_TB_ATL,10.829,50.166
2015_08_TEN_HOU,4.888,45.713
2015_08_IND_CAR,5.157,45.811
2015_09_CLE_CIN,13.654,43.567
2015_09_ATL_SF,-11.799,38.904
2015_09_DEN_IND,-5.22,45.594
2015_09_GB_CAR,-0.803,46.06
2015_09_JAX_NYJ,6.791,46.281
2015_09_MIA_BUF,3.982,46.814
2015_09_NYG_TB,-3.88,49.745
2015_09_OAK_PIT,7.453,46.154
2015_09_PHI_DAL,-2.015,44.056
2015_09_STL_MIN,3.536,39.283
2015_09_TEN_NO,9.352,50.488
2015_09_WAS_NE,14.058,48.33
2015_09_CHI_SD,5.189,49.797
2015_10_BUF_NYJ,0.354,44.671
2015_10_ARI_SEA,-0.442,44.445
2015_10_CAR_TEN,-6.078,45.994
2015_10_CHI_STL,8.767,46.759
2015_10_CLE_PIT,8.486,39.908
2015_10_DAL_TB,-1.118,43.789
2015_10_DET_GB,12.19,47.915
2015_10_JAX_BAL,7.264,48.121
2015_10_KC_DEN,6.596,44.615
2015_10_MIA_PHI,6.552,45.47
2015_10_MIN_OAK,-0.586,38.924
2015_10_NE_NYG,-7.343,50.939
2015_10_NO_WAS,-2.664,49.877
2015_10_HOU_CIN,12.026,45.446
2015_11_TEN_JAX,3.373,45.762
2015_11_CIN_ARI,3.091,48.994
2015_11_DAL_MIA,-3.427,47.447
2015_11_DEN_CHI,-0.767,41.644
2015_11_GB_MIN,-0.859,43.527
2015_11_IND_ATL,6.647,47.533
2015_11_KC_SD,-3.133,47.001
2015_11_NYJ_HOU,-2.9,45.436
2015_11_OAK_DET,0.45,50.23
2015_11_SF_SEA,15.055,36.805
2015_11_STL_BAL,5.215,41.325
2015_11_TB_PHI,7.997,43.949
2015_11_WAS_CAR,6.389,46.177
2015_11_BUF_NE,7.393,48.313
2015_12_CAR_DAL,0.699,49.475
2015_12_CHI_GB,10.353,44.487
2015_12_PHI_DET,-0.05,47.693
2015_12_ARI_SF,-13.809,42.766
2015_12_BUF_KC,5.017,44.727
2015_12_MIA_NYJ,3.776,45.444
2015_12_MIN_ATL,0.72,45.526
2015_12_NE_DEN,-6.05,41.737
2015_12_NO_HOU,1.384,51.481
2015_12_NYG_WAS,-0.834,49.045
2015_12_OAK_TEN,-0.079,46.075
2015_12_PIT_SEA,0.81,44.387
2015_12_SD_JAX,2.294,47.074
2015_12_STL_CIN,11.354,41.972
2015_12_TB_IND,1.563,48.01
2015_12_BAL_CLE,0.79,46.509
2015_13_GB_DET,-3.901,47.538
2015_13_ARI_STL,-7.029,47.546
2015_13_ATL_TB,-3.487,42.932
2015_13_BAL_MIA,-0.247,43.489
2015_13_CAR_NO,-6.45,52.965
2015_13_CIN_CLE,-9.567,42.847
2015_13_DEN_SD,0.247,42.425
2015_13_HOU_BUF,2.681,43.782
2015_13_IND_PIT,8.38,46.402
2015_13_JAX_TEN,1.869,44.902
2015_13_KC_OAK,-5.62,46.974
2015_13_NYJ_NYG,-0.51,47.929
2015_13_PHI_NE,12.938,48.928
2015_13_SEA_MIN,0.177,42.487
2015_13_SF_CHI,9.67,39.246
2015_13_DAL_WAS,2.039,42.155
2015_14_MIN_ARI,8.16,45.37
2015_14_ATL_CAR,7.498,47.085
2015_14_BUF_PHI,-1.163,47.908
2015_14_DAL_GB,8.556,42.193
2015_14_DET_STL,-1.661,42.845
2015_14_IND_JAX,1.029,47.435
2015_14_NE_HOU,-6.455,48.441
2015_14_NO_TB,0.832,49.046
2015_14_OAK_DEN,4.369,42.178
2015_14_PIT_CIN,2.102,46.285
2015_14_SD_KC,10.675,44.606
2015_14_SEA_BAL,-12.263,40.826
2015_14_SF_CLE,0.914,37.881
2015_14_TEN_NYJ,8.869,45.517
2015_14_WAS_CHI,2.094,45.085
2015_14_NYG_MIA,-0.988,47.3
2015_15_TB_STL,2.749,42.096
2015_15_NYJ_DAL,-4.626,43.333
2015_15_ARI_PHI,-5.574,49.275
2015_15_ATL_JAX,-0.442,47.642
2015_15_BUF_WAS,-0.686,45.575
2015_15_CAR_NYG,-5.111,49.523
2015_15_CHI_MIN,4.581,43.751
2015_15_CIN_SF,-10.05,35.002
2015_15_CLE_SEA,17.91,43.989
2015_15_DEN_PIT,10.368,41.931
2015_15_GB_OAK,-6.961,44.178
2015_15_HOU_IND,-1.422,45.025
2015_15_KC_BAL,-10.168,40.103
2015_15_MIA_SD,2.401,44.319
2015_15_TEN_NE,17.013,46.602
2015_15_DET_NO,2.231,52.258
2015_16_SD_OAK,0.45,40.781
2015_16_WAS_PHI,0.964,47.494
2015_16_CAR_ATL,-5.069,48.848
2015_16_CHI_TB,1.053,45.711
2015_16_CLE_KC,16.948,41.301
2015_16_DAL_BUF,4.949,42.164
2015_16_GB_ARI,3.749,49.89
2015_16_HOU_TEN,-4.532,37.129
2015_16_IND_MIA,1.692,43.599
2015_16_JAX_NO,2.933,55.159
2015_16_NE_NYJ,-3.104,46.644
2015_16_NYG_MIN,3.958,45.752
2015_16_PIT_BAL,-10.681,46.573
2015_16_SF_DET,10.425,41.774
2015_16_STL_SEA,13.186,40.764
2015_16_CIN_DEN,-0.169,37.251
2015_17_BAL_CIN,9.792,41.523
2015_17_DET_CHI,-1.964,44.974
2015_17_JAX_HOU,6.989,47.692
2015_17_MIN_GB,2.738,43.38
2015_17_NE_MIA,-10.551,47.036
2015_17_NO_ATL,4.036,50.913
2015_17_NYJ_BUF,-0.689,41.228
2015_17_OAK_KC,11.896,45.159
2015_17_PHI_NYG,2.69,49.315
2015_17_PIT_CLE,-14.27,42.625
2015_17_SD_DEN,6.813,40.04
2015_17_SEA_ARI,4.227,49.186
2015_17_STL_SF,-6.063,35.965
2015_17_TB_CAR,10.55,47.62
2015_17_TEN_IND,6.076,45.731
2015_17_WAS_DAL,-1.484,43.409
2015_18_KC_HOU,-3.758,42.715
2015_18_PIT_CIN,-0.139,45.156
2015_18_GB_WAS,-1.556,44.92
2015_18_SEA_MIN,-3.958,41.023
2015_19_GB_ARI,4.996,49.374
2015_19_KC_NE,2.443,44.906
2015_19_PIT_DEN,4.389,47.698
2015_19_SEA_CAR,0.585,45.969
2015_20_ARI_CAR,1.745,49.552
2015_20_NE_DEN,2.392,47.186
2015_21_CAR_DEN,-1.387,46.058
2016_01_CAR_DEN,-3.773,42.338
2016_01_BUF_BAL,1.156,46.451
2016_01_CHI_HOU,2.935,46.409
2016_01_CIN_NYJ,0.023,42.772
2016_01_CLE_PHI,2.536,46.162
2016_01_DET_IND,1.721,46.954
2016_01_GB_JAX,-4.384,46.488
2016_01_MIA_SEA,9.101,44.033
2016_01_MIN_TEN,-0.687,43.739
2016_01_NE_ARI,7.757,43.402
2016_01_NYG_DAL,-0.845,47.323
2016_01_OAK_NO,4.705,50.365
2016_01_SD_KC,5.955,43.862
2016_01_TB_ATL,4.017,46.488
2016_01_LA_SF,-2.005,37.221
2016_01_PIT_WAS,-2.358,47.107
2016_02_NYJ_BUF,0.432,43.304
2016_02_ATL_OAK,1.161,46.522
2016_02_BAL_CLE,-1.759,44.644
2016_02_CIN_PIT,4.186,46.545
2016_02_DAL_WAS,2.987,44.376
2016_02_GB_MIN,-1.309,44.709
2016_02_IND_DEN,3.082,44.072
2016_02_JAX_SD,5.393,47.482
2016_02_KC_HOU,0.337,45.511
2016_02_MIA_NE,2.865,39.646
2016_02_NO_NYG,1.477,50.693
2016_02_SEA_LA,-8.053,40.159
2016_02_SF_CAR,9.724,42.539
2016_02_TB_ARI,5.537,49.391
2016_02_TEN_DET,5.792,49.86
2016_02_PHI_CHI,1.781,46.448
2016_03_HOU_NE,-0.099,39.547
2016_03_ARI_BUF,-4.228,46.341
2016_03_BAL_JAX,-5.423,46.143
2016_03_CHI_DAL,4.948,44.672
2016_03_CLE_MIA,8.827,40.896
2016_03_DEN_CIN,5.402,41.531
2016_03_DET_GB,5.241,43.246
2016_03_LA_TB,2.101,41.197
2016_03_MIN_CAR,8.496,45.312
2016_03_NYJ_KC,0.71,45.899
2016_03_OAK_TEN,0.276,47.297
2016_03_PIT_PHI,-4.139,47.082
2016_03_SD_IND,-1.334,51.537
2016_03_SF_SEA,10.241,40.326
2016_03_WAS_NYG,2.679,47.107
2016_03_ATL_NO,-0.855,49.943
2016_04_MIA_CIN,7.909,44.72
2016_04_BUF_NE,3.456,42.254
2016_04_CAR_ATL,-0.456,51.249
2016_04_CLE_WAS,6.687,46.988
2016_04_DAL_SF,-1.984,44.281
2016_04_DEN_TB,-4.673,45.585
2016_04_DET_CHI,-2.624,46.317
2016_04_IND_JAX,-2.844,49.388
2016_04_KC_PIT,1.729,43.786
2016_04_LA_ARI,8.921,45.461
2016_04_NO_SD,3.616,49.931
2016_04_OAK_BAL,2.597,45.006
2016_04_SEA_NYJ,-2.122,42.646
2016_04_TEN_HOU,5.177,41.869
2016_04_NYG_MIN,6.2,44.37
2016_05_ARI_SF,-3.358,39.972
2016_05_ATL_DEN,1.697,45.65
2016_05_BUF_LA,-2.269,40.491
2016_05_CHI_IND,4.371,47.01
2016_05_CIN_DAL,-2.041,45.719
2016_05_HOU_MIN,3.634,40.65
2016_05_NE_CLE,-11.651,45.59
2016_05_NYG_GB,9.099,45.577
2016_05_NYJ_PIT,6.736,46.705
2016_05_PHI_DET,-4.798,49.069
2016_05_SD_OAK,0.73,48.811
2016_05_TEN_MIA,0.617,41.179
2016_05_WAS_BAL,3.357,44.52
2016_05_TB_CAR,7.103,46.788
2016_06_DEN_SD,-1.131,45.581
2016_06_ATL_SEA,3.342,45.947
2016_06_BAL_NYG,5.125,42.707
2016_06_CAR_NO,0.435,54.272
2016_06_CIN_NE,6.472,43.895
2016_06_CLE_TEN,7.631,44.516
2016_06_DAL_GB,5.144,44.871
2016_06_IND_HOU,-0.79,47.9
2016_06_JAX_CHI,1.479,45.57
2016_06_KC_OAK,-1.381,46.685
2016_06_LA_DET,3.642,45.27
2016_06_PHI_WAS,-4.394,46.167
2016_06_PIT_MIA,-6.499,43.701
2016_06_SF_BUF,6.761,44.461
2016_06_NYJ_ARI,6.461,49.131
2016_07_CHI_GB,9.245,43.639
2016_07_BAL_NYJ,-0.681,31.942
2016_07_BUF_MIA,-7.53,44.261
2016_07_CLE_CIN,10.195,46.096
2016_07_IND_TEN,4.859,48.035
2016_07_MIN_PHI,0.686,39.302
2016_07_NE_PIT,-10.791,41.925
2016_07_NO_KC,4.852,49.325
2016_07_NYG_LA,-3.375,42.661
2016_07_OAK_JAX,-0.227,47.717
2016_07_SD_ATL,4.262,52.69
2016_07_SEA_ARI,1.845,45.391
2016_07_TB_SF,2.643,49.534
2016_07_WAS_DET,-0.021,50.151
2016_07_HOU_DEN,7.973,39.731
2016_08_JAX_TEN,4.215,45.549
2016_08_ARI_CAR,-0.854,48.039
2016_08_DET_HOU,-1.413,45.778
2016_08_GB_ATL,3.565,50.975
2016_08_KC_IND,-3.6,49.653
2016_08_NE_BUF,-4.908,46.932
2016_08_NYJ_CLE,-0.036,44.985
2016_08_OAK_TB,-1.43,45.732
2016_08_PHI_DAL,3.626,47.066
2016_08_SD_DEN,1.503,44.573
2016_08_SEA_NO,0.103,48.736
2016_08_WAS_CIN,1.716,45.354
2016_08_MIN_CHI,-5.385,39.785
2016_09_ATL_TB,-3.7,50.35
2016_09_CAR_LA,-2.504,46.41
2016_09_DAL_CLE,-6.01,47.402
2016_09_DEN_OAK,-0.121,43.955
2016_09_DET_MIN,4.885,43.955
2016_09_IND_GB,6.344,49.533
2016_09_JAX_KC,6.41,42.808
2016_09_NO_SF,-5.016,54.337
2016_09_NYJ_MIA,2.203,43.335
2016_09_PHI_NYG,0.373,44.881
2016_09_PIT_BAL,-5.772,42.742
2016_09_TEN_SD,5.37,48.189
2016_09_BUF_SEA,2.436,42.832
2016_10_CLE_BAL,5.986,44.754
2016_10_ATL_PHI,1.138,50.864
2016_10_CHI_TB,0.325,45.393
2016_10_DAL_PIT,0.208,46.05
2016_10_DEN_NO,3.2,49.674
2016_10_GB_TEN,-1.56,47.893
2016_10_HOU_JAX,3.126,42.53
2016_10_KC_CAR,1.677,45.854
2016_10_LA_NYJ,-0.4,39.681
2016_10_MIA_SD,4.363,48.199
2016_10_MIN_WAS,-0.547,42.126
2016_10_SEA_NE,8.403,43.846
2016_10_SF_ARI,10.83,50.597
2016_10_CIN_NYG,-0.99,44.873
2016_11_NO_CAR,2.67,52.682
2016_11_ARI_MIN,-0.16,42.502
2016_11_BAL_DAL,9.542,45.744
2016_11_BUF_CIN,1.581,46.868
2016_11_CHI_NYG,9.231,43.202
2016_11_GB_WAS,1.205,43.937
2016_11_JAX_DET,6.958,48.219
2016_11_MIA_LA,2.229,40.668
2016_11_NE_SF,-9.154,51.241
2016_11_PHI_SEA,3.512,42.719
2016_11_PIT_CLE,-7.439,42.486
2016_11_TB_KC,6.758,44.85
2016_11_TEN_IND,1.566,53.657
2016_11_HOU_OAK,3.977,44.32
2016_12_MIN_DET,3.314,44.468
2016_12_PIT_IND,-5.184,48.712
2016_12_WAS_DAL,6.577,50.408
2016_12_ARI_ATL,3.793,51.272
2016_12_CAR_OAK,1.034,48.325
2016_12_CIN_BAL,1.755,41.027
2016_12_JAX_BUF,8.963,45.866
2016_12_KC_DEN,3.739,36.292
2016_12_LA_NO,7.839,46.854
2016_12_NE_NYJ,-8.817,46.851
2016_12_NYG_CLE,-4.632,45.301
2016_12_SD_HOU,-1.44,48.605
2016_12_SEA_TB,-2.785,44.393
2016_12_SF_MIA,4.156,47.034
2016_12_TEN_CHI,-7.634,43.571
2016_12_GB_PHI,2.255,47.493
2016_13_DAL_MIN,-4.9,45.321
2016_13_BUF_OAK,4.252,49.334
2016_13_CAR_SEA,5.166,43.766
2016_13_DEN_JAX,-7.037,42.72
2016_13_DET_NO,6.004,52.71
2016_13_HOU_GB,6.966,43.915
2016_13_KC_ATL,2.392,50.268
2016_13_LA_NE,16.401,42.717
2016_13_MIA_BAL,4.055,42.208
2016_13_NYG_PIT,4.453,24.501
2016_13_PHI_CIN,0.477,43.241
2016_13_SF_CHI,-4.284,45.967
2016_13_TB_SD,5.113,48.48
2016_13_WAS_ARI,1.178,49.589
2016_13_IND_NYJ,1.292,47.077
2016_14_OAK_KC,5.592,46.543
2016_14_ARI_MIA,-3.144,42.605
2016_14_ATL_LA,-7.132,45.166
2016_14_CHI_DET,9.585,43.863
2016_14_CIN_CLE,-6.529,42.227
2016_14_DAL_NYG,-4.413,44.977
2016_14_DEN_TEN,-2.802,45.63
2016_14_HOU_IND,4.128,46.722
2016_14_MIN_JAX,-5.869,41.297
2016_14_NO_TB,-0.305,50.397
2016_14_NYJ_SF,4.424,44.973
2016_14_PIT_BUF,-1.136,46.431
2016_14_SD_CAR,-0.844,50.402
2016_14_SEA_GB,-1.123,43.265
2016_14_WAS_PHI,-0.216,47.29
2016_14_BAL_NE,8.09,43.784
2016_15_LA_SEA,15.433,37.188
2016_15_MIA_NYJ,-4.731,40.94
2016_15_CLE_BUF,11.757,44.455
2016_15_DET_NYG,2.239,42.366
2016_15_GB_CHI,-6.468,42.819
2016_15_IND_MIN,5.008,46.369
2016_15_JAX_HOU,3.455,43.772
2016_15_NE_DEN,-2.577,43.378
2016_15_NO_ARI,0.658,51.67
2016_15_OAK_SD,1.154,50.942
2016_15_PHI_BAL,5.027,42.966
2016_15_PIT_CIN,-0.792,43.02
2016_15_SF_ATL,14.415,55.202
2016_15_TB_DAL,7.949,46.203
2016_15_TEN_KC,6.623,43.613
2016_15_CAR_WAS,3.406,49.568
2016_16_NYG_PHI,1.981,42.546
2016_16_ARI_SEA,8.612,43.512
2016_16_ATL_CAR,-1.968,51.906
2016_16_CIN_HOU,-1.761,42.493
2016_16_IND_OAK,3.102,49.938
2016_16_MIA_BUF,5.34,45.803
2016_16_MIN_GB,7.182,43.802
2016_16_NYJ_NE,22.426,42.596
2016_16_SD_CLE,-6.733,46.177
2016_16_SF_LA,2.666,42.478
2016_16_TB_NO,3.949,52.157
2016_16_TEN_JAX,-2.81,46.554
2016_16_WAS_CHI,-3.69,45.354
2016_16_BAL_PIT,5.566,43.834
2016_16_DEN_KC,3.723,39.596
2016_16_DET_DAL,8.216,45.624
2016_17_ARI_LA,-6.092,42.633
2016_17_BAL_CIN,0.488,42.093
2016_17_BUF_NYJ,-2.765,44.185
2016_17_CAR_TB,-0.118,45.661
2016_17_CHI_MIN,5.38,42.686
2016_17_CLE_PIT,5.709,40.494
2016_17_DAL_PHI,3.779,41.492
2016_17_GB_DET,-2.005,49.343
2016_17_HOU_TEN,1.699,39.993
2016_17_JAX_IND,6.517,50.398
2016_17_KC_SD,-3.335,45.31
2016_17_NE_MIA,-10.226,45.04
2016_17_NO_ATL,6.571,57.885
2016_17_NYG_WAS,3.152,44.905
2016_17_OAK_DEN,1.259,42.803
2016_17_SEA_SF,-13.187,44.718
2016_18_DET_SEA,6.73,42.061
2016_18_OAK_HOU,1.897,43.534
2016_18_MIA_PIT,9.327,44.602
2016_18_NYG_GB,4.889,43.948
2016_19_HOU_NE,14.668,41.553
2016_19_SEA_ATL,6.072,49.74
2016_19_GB_DAL,2.855,51.428
2016_19_PIT_KC,2.344,44.971
2016_20_GB_ATL,3.305,56.451
2016_20_PIT_NE,7.007,46.687
2016_21_NE_ATL,-2.44,54.004
2017_01_KC_NE,7.094,45.821
2017_01_ARI_DET,-0.679,48.261
2017_01_ATL_CHI,-6.895,48.014
2017_01_BAL_CIN,3.116,43.494
2017_01_CAR_SF,-3.101,46.111
2017_01_IND_LA,-1.916,40.516
2017_01_JAX_HOU,2.512,43.332
2017_01_NYG_DAL,5.279,46.605
2017_01_NYJ_BUF,5.619,45.437
2017_01_OAK_TEN,1.895,47.632
2017_01_PHI_WAS,3.378,46.165
2017_01_PIT_CLE,-6.582,44.644
2017_01_SEA_GB,2.789,45.99
2017_01_LAC_DEN,2.077,43.968
2017_01_NO_MIN,-0.419,49.133
2017_02_HOU_CIN,6.356,39.767
2017_02_ARI_IND,-2.71,49.427
2017_02_BUF_CAR,2.434,44.534
2017_02_CHI_TB,7.5,43.173
2017_02_CLE_BAL,8.819,42.362
2017_02_DAL_DEN,-1.748,42.652
2017_02_GB_ATL,4.27,49.105
2017_02_MIA_LAC,3.371,46.645
2017_02_MIN_PIT,6.43,42.438
2017_02_NE_NO,-1.506,52.693
2017_02_NYJ_OAK,6.755,43.829
2017_02_PHI_KC,4.898,46.088
2017_02_SF_SEA,11.201,40.587
2017_02_TEN_JAX,2.783,45.233
2017_02_WAS_LA,-0.896,44.427
2017_02_DET_NYG,-0.053,42.322
2017_03_LA_SF,-1.497,40.37
2017_03_ATL_DET,-3.535,50.211
2017_03_BAL_JAX,-3.606,42.804
2017_03_CIN_GB,4.201,42.871
2017_03_CLE_IND,2.24,44.108
2017_03_DEN_BUF,-0.795,42.237
2017_03_HOU_NE,12.988,44.038
2017_03_KC_LAC,-2.084,46.203
2017_03_MIA_NYJ,-2.723,44.353
2017_03_NO_CAR,3.57,45.632
2017_03_NYG_PHI,5.111,41.453
2017_03_OAK_WAS,-1.599,48.084
2017_03_PIT_CHI,-7.925,42.566
2017_03_SEA_TEN,1.531,42.194
2017_03_TB_MIN,-2.159,43.007
2017_03_DAL_ARI,-0.856,48.423
2017_04_CHI_GB,9.179,44.652
2017_04_BUF_ATL,7.212,48.953
2017_04_CAR_NE,9.626,46.257
2017_04_CIN_CLE,-2.645,41.322
2017_04_DET_MIN,2.13,45.465
2017_04_IND_SEA,8.715,42.402
2017_04_JAX_NYJ,-5.443,44.39
2017_04_LA_DAL,6.585,48.643
2017_04_NO_MIA,-4.895,45.791
2017_04_NYG_TB,4.018,41.946
2017_04_OAK_DEN,3.324,45.676
2017_04_PHI_LAC,2.521,45.74
2017_04_PIT_BAL,-1.977,42.575
2017_04_SF_ARI,6.942,47.663
2017_04_TEN_HOU,-3.408,45.219
2017_04_WAS_KC,3.683,44.001
2017_05_NE_TB,-3.302,50.001
2017_05_ARI_PHI,2.119,45.921
2017_05_BAL_OAK,2.922,41.208
2017_05_BUF_CIN,2.836,39.66
2017_05_CAR_DET,2.022,44.592
2017_05_GB_DAL,0.714,50.355
2017_05_JAX_PIT,5.269,44.337
2017_05_KC_HOU,-0.97,47.382
2017_05_LAC_NYG,-0.819,42.857
2017_05_NYJ_CLE,-1.612,42.992
2017_05_SEA_LA,-1.222,45.757
2017_05_SF_IND,-1.832,47.091
2017_05_TEN_MIA,3.436,42.388
2017_05_MIN_CHI,-3.88,42.136
2017_06_PHI_CAR,1.927,44.617
2017_06_CHI_BAL,8.098,41.619
2017_06_CLE_HOU,8.865,49.59
2017_06_DET_NO,6.56,48.252
2017_06_GB_MIN,-5.108,47.028
2017_06_LAC_OAK,1.15,46.083
2017_06_LA_JAX,6.136,45.991
2017_06_MIA_ATL,10.704,46.026
2017_06_NE_NYJ,-9.2,45.928
2017_06_NYG_DEN,11.668,41.03
2017_06_PIT_KC,3.916,44.388
2017_06_SF_WAS,8.965,44.763
2017_06_TB_ARI,-0.782,45.934
2017_06_IND_TEN,9.556,49.609
2017_07_KC_OAK,-3.518,45.923
2017_07_ARI_LA,2.459,46.715
2017_07_ATL_NE,4.396,50.425
2017_07_BAL_MIN,1.698,42.368
2017_07_CAR_CHI,-4.771,41.329
2017_07_CIN_PIT,3.677,39.88
2017_07_DAL_SF,-4.83,47.108
2017_07_DEN_LAC,2.838,43.002
2017_07_JAX_IND,-5.909,48.652
2017_07_NO_GB,-8.128,44.992
2017_07_NYJ_MIA,2.039,36.332
2017_07_SEA_NYG,-4.949,39.914
2017_07_TB_BUF,1.724,44.006
2017_07_TEN_CLE,-7.708,46.449
2017_07_WAS_PHI,3.811,46.619
2017_08_MIA_BAL,3.112,41.306
2017_08_ATL_NYJ,-6.088,45.763
2017_08_CAR_TB,1.331,43.807
2017_08_CHI_NO,10.126,48.121
2017_08_DAL_WAS,-2.847,48.498
2017_08_HOU_SEA,3.238,44.823
2017_08_IND_CIN,12.388,42.728
2017_08_LAC_NE,8.216,45.661
2017_08_MIN_CLE,-11.42,38.527
2017_08_OAK_BUF,1.2,44.444
2017_08_PIT_DET,-0.072,47.491
2017_08_SF_PHI,13.756,45.45
2017_08_DEN_KC,7.107,43.022
2017_09_BUF_NYJ,-1.605,43.145
2017_09_ARI_SF,-0.583,40.531
2017_09_ATL_CAR,-1.128,43.501
2017_09_BAL_TEN,1.757,45.783
2017_09_CIN_JAX,4.188,39.958
2017_09_DEN_PHI,7.777,42.863
2017_09_IND_HOU,6.937,48.623
2017_09_KC_DAL,3.316,51.547
2017_09_LA_NYG,-3.847,42.298
2017_09_OAK_MIA,-2.792,43.071
2017_09_TB_NO,8.175,50.372
2017_09_WAS_SEA,8.371,44.816
2017_09_DET_GB,-2.946,42.33
2017_10_SEA_ARI,-6.062,39.868
2017_10_CIN_TEN,3.242,43.238
2017_10_CLE_DET,10.587,46.129
2017_10_DAL_ATL,1.853,50.167
2017_10_GB_CHI,2.746,38.801
2017_10_HOU_LA,9.51,46.669
2017_10_LAC_JAX,5.366,41.292
2017_10_MIN_WAS,-0.245,42.788
2017_10_NE_DEN,-7.588,44.199
2017_10_NO_BUF,-3.812,46.948
2017_10_NYG_SF,-7.016,41.406
2017_10_NYJ_TB,1.962,42.604
2017_10_PIT_IND,-11.504,45.662
2017_10_MIA_CAR,8.56,39.729
2017_11_TEN_PIT,6.073,42.059
2017_11_ARI_HOU,3.866,41.57
2017_11_BAL_GB,-3.786,39.266
2017_11_BUF_LAC,6.344,41.287
2017_11_CIN_DEN,-1.496,40.395
2017_11_DET_CHI,-4.891,41.768
2017_11_JAX_CLE,-9.396,40.153
2017_11_KC_NYG,-7.671,41.233
2017_11_LA_MIN,-2.397,47.01
2017_11_NE_OAK,-7.05,47.879
2017_11_PHI_DAL,-2.327,50.831
2017_11_TB_MIA,-2.76,42.997
2017_11_WAS_NO,11.137,51.162
2017_11_ATL_SEA,0.808,43.5
2017_12_LAC_DAL,-1.561,47.789
2017_12_MIN_DET,1.474,47.561
2017_12_NYG_WAS,4.357,44.794
2017_12_BUF_KC,8.084,47.129
2017_12_CAR_NYJ,-3.126,37.362
2017_12_CHI_PHI,15.964,42.524
2017_12_CLE_CIN,10.392,39.677
2017_12_DEN_OAK,5.612,43.184
2017_12_GB_PIT,13.653,39.421
2017_12_JAX_ARI,-8.81,40.524
2017_12_MIA_NE,16.024,43.175
2017_12_NO_LA,-1.75,48.592
2017_12_SEA_SF,-9.672,42.781
2017_12_TB_ATL,8.243,47.252
2017_12_TEN_IND,-2.842,47.346
2017_12_HOU_BAL,9.701,42.882
2017_13_WAS_DAL,3.964,49.563
2017_13_CAR_NO,4.604,48.819
2017_13_CLE_LAC,15.882,42.533
2017_13_DEN_MIA,1.731,43.44
2017_13_DET_BAL,4.095,44.922
2017_13_HOU_TEN,5.469,46.621
2017_13_IND_JAX,11.044,42.626
2017_13_KC_NYJ,-5.097,44.247
2017_13_LA_ARI,-11.001,44.144
2017_13_MIN_ATL,2.403,47.134
2017_13_NE_BUF,-8.819,46.188
2017_13_NYG_OAK,6.919,40.459
2017_13_PHI_SEA,-4.05,45.854
2017_13_SF_CHI,2.051,42.759
2017_13_TB_GB,0.614,42.018
2017_13_PIT_CIN,-2.879,41.333
2017_14_NO_ATL,0.238,50.561
2017_14_BAL_PIT,2.356,41.829
2017_14_CHI_CIN,6.544,38.061
2017_14_DAL_NYG,-4.81,42.902
2017_14_DET_TB,0.735,47.989
2017_14_GB_CLE,-3.32,35.385
2017_14_IND_BUF,4.656,38.951
2017_14_MIN_CAR,0.112,41.908
2017_14_NYJ_DEN,-2.875,44.962
2017_14_OAK_KC,4.957,44.893
2017_14_PHI_LA,-0.189,46.906
2017_14_SEA_JAX,1.55,41.518
2017_14_SF_HOU,2.355,47.958
2017_14_TEN_ARI,-6.227,44.934
2017_14_WAS_LAC,9.207,45.617
2017_14_NE_MIA,-10.364,45.219
2017_15_DEN_IND,-2.234,44.009
2017_15_CHI_DET,5.386,46.621
2017_15_LAC_KC,-1.606,44.219
2017_15_ARI_WAS,9.509,42.488
2017_15_BAL_CLE,-10.472,42.688
2017_15_CIN_MIN,10.421,42.638
2017_15_DAL_OAK,-2.795,45.864
2017_15_GB_CAR,-0.51,49.356
2017_15_HOU_JAX,9.723,44.746
2017_15_LA_SEA,2.295,44.494
2017_15_MIA_BUF,2.78,43.047
2017_15_NE_PIT,-1.512,46.485
2017_15_NYJ_NO,15.18,46.708
2017_15_PHI_NYG,-7.07,41.713
2017_15_TEN_SF,-1.05,43.455
2017_15_ATL_TB,-5.597,44.71
2017_16_IND_BAL,15.091,41.719
2017_16_MIN_GB,-9.55,40.607
2017_16_ATL_NO,3.915,49.503
2017_16_BUF_NE,12.605,44.695
2017_16_CLE_CHI,6.317,38.283
2017_16_DEN_WAS,5.973,44.078
2017_16_DET_CIN,-0.824,44.641
2017_16_JAX_SF,-4.504,45.274
2017_16_LAC_NYJ,-8.6,41.139
2017_16_LA_TEN,-4.961,46.642
2017_16_MIA_KC,7.579,42.801
2017_16_NYG_ARI,2.152,42.732
2017_16_SEA_DAL,1.0,46.666
2017_16_TB_CAR,7.909,44.968
2017_16_OAK_PHI,8.447,43.585
2017_16_PIT_HOU,-7.768,48.685
2017_17_ARI_SEA,9.459,40.61
2017_17_BUF_MIA,-1.57,42.882
2017_17_CAR_ATL,5.816,46.869
2017_17_CHI_MIN,10.143,40.152
2017_17_CIN_BAL,9.082,40.599
2017_17_CLE_PIT,6.75,37.242
2017_17_DAL_PHI,2.68,42.01
2017_17_GB_DET,8.655,46.753
2017_17_HOU_IND,4.005,45.298
2017_17_JAX_TEN,-1.825,44.8
2017_17_KC_DEN,2.261,38.861
2017_17_NO_TB,-7.212,46.804
2017_17_NYJ_NE,20.68,40.566
2017_17_OAK_LAC,7.223,41.829
2017_17_SF_LA,-4.16,48.118
2017_17_WAS_NYG,-7.508,40.724
2017_18_ATL_LA,-0.107,46.553
2017_18_TEN_KC,2.744,45.236
2017_18_BUF_JAX,7.586,40.964
2017_18_CAR_NO,6.865,49.11
2017_19_ATL_PHI,-0.651,40.244
2017_19_TEN_NE,13.048,43.963
2017_19_JAX_PIT,4.24,43.732
2017_19_NO_MIN,1.564,47.045
2017_20_JAX_NE,7.165,45.908
2017_20_MIN_PHI,-0.853,40.92
2017_21_PHI_NE,4.371,46.748
2018_01_ATL_PHI,1.562,43.339
2018_01_BUF_BAL,8.289,39.721
2018_01_CHI_GB,8.363,46.45
2018_01_CIN_IND,3.109,47.625
2018_01_DAL_CAR,1.661,43.927
2018_01_HOU_NE,9.197,48.164
2018_01_JAX_NYG,-3.064,42.987
2018_01_KC_LAC,6.053,41.478
2018_01_PIT_CLE,-3.171,47.68
2018_01_SEA_DEN,-0.614,44.861
2018_01_SF_MIN,4.554,49.379
2018_01_TB_NO,7.034,47.861
2018_01_TEN_MIA,0.122,44.34
2018_01_WAS_ARI,0.893,46.24
2018_01_LA_OAK,-1.181,45.221
2018_01_NYJ_DET,6.235,46.41
2018_02_BAL_CIN,-3.43,45.133
2018_02_ARI_LA,8.717,44.294
2018_02_CAR_ATL,3.51,43.522
2018_02_CLE_NO,7.25,51.946
2018_02_DET_SF,4.645,47.991
2018_02_HOU_TEN,-3.376,42.487
2018_02_IND_WAS,6.015,46.782
2018_02_KC_PIT,2.791,46.343
2018_02_LAC_BUF,-6.49,43.194
2018_02_MIA_NYJ,4.865,45.281
2018_02_MIN_GB,1.306,48.202
2018_02_NE_JAX,-1.534,43.576
2018_02_NYG_DAL,5.712,43.077
2018_02_OAK_DEN,4.797,44.905
2018_02_PHI_TB,-0.609,46.386
2018_02_SEA_CHI,-0.679,43.134
2018_03_NYJ_CLE,0.658,43.719
2018_03_BUF_MIN,12.226,45.939
2018_03_CHI_ARI,-1.949,42.313
2018_03_CIN_CAR,2.536,45.027
2018_03_DAL_SEA,0.322,42.852
2018_03_DEN_BAL,7.33,46.035
2018_03_GB_WAS,-1.432,47.325
2018_03_IND_PHI,7.283,46.921
2018_03_LAC_LA,4.966,46.143
2018_03_NE_DET,-5.279,51.032
2018_03_NO_ATL,0.981,49.325
2018_03_NYG_HOU,4.79,45.659
2018_03_OAK_MIA,3.148,43.264
2018_03_SF_KC,5.735,50.004
2018_03_TEN_JAX,11.134,41.425
2018_03_PIT_TB,1.526,50.49
2018_04_MIN_LA,8.352,45.619
2018_04_BAL_PIT,-1.302,48.886
2018_04_BUF_GB,5.656,47.019
2018_04_CIN_ATL,2.923,48.855
2018_04_CLE_OAK,1.581,42.718
2018_04_DET_DAL,2.21,46.004
2018_04_HOU_IND,2.341,48.85
2018_04_MIA_NE,8.034,45.233
2018_04_NO_NYG,-6.199,48.276
2018_04_NYJ_JAX,4.594,42.38
2018_04_PHI_TEN,-2.971,44.113
2018_04_SEA_ARI,-3.245,43.931
2018_04_SF_LAC,10.623,45.081
2018_04_TB_CHI,-0.967,44.903
2018_04_KC_DEN,-4.481,48.916
2018_05_IND_NE,11.749,47.073
2018_05_ARI_SF,1.524,39.943
2018_05_ATL_PIT,1.745,49.426
2018_05_BAL_CLE,-6.607,45.791
2018_05_DAL_HOU,-0.837,47.819
2018_05_DEN_NYJ,1.403,43.446
2018_05_GB_DET,2.374,50.954
2018_05_JAX_KC,5.167,47.753
2018_05_LA_SEA,-4.858,47.166
2018_05_MIA_CIN,6.542,46.981
2018_05_MIN_PHI,3.939,46.181
2018_05_NYG_CAR,8.978,42.804
2018_05_OAK_LAC,7.853,48.653
2018_05_TEN_BUF,-3.723,41.076
2018_05_WAS_NO,4.667,50.938
2018_06_PHI_NYG,-3.381,44.641
2018_06_ARI_MIN,5.016,44.751
2018_06_BAL_TEN,-4.215,42.447
2018_06_BUF_HOU,5.843,45.578
2018_06_CAR_WAS,-1.081,45.353
2018_06_CHI_MIA,-6.008,41.814
2018_06_IND_NYJ,6.163,46.852
2018_06_JAX_DAL,1.007,42.176
2018_06_KC_NE,3.563,50.643
2018_06_LAC_CLE,-3.576,45.114
2018_06_LA_DEN,-7.87,47.548
2018_06_PIT_CIN,-0.685,50.226
2018_06_SEA_OAK,-5.311,46.921
2018_06_TB_ATL,3.157,50.557
2018_06_SF_GB,6.817,46.903
2018_07_DEN_ARI,-0.522,43.407
2018_07_BUF_IND,3.119,47.05
2018_07_CAR_PHI,4.151,42.558
2018_07_CIN_KC,6.194,52.844
2018_07_CLE_TB,7.677,48.014
2018_07_DAL_WAS,-3.562,41.394
2018_07_DET_MIA,-3.139,46.619
2018_07_HOU_JAX,3.489,43.036
2018_07_LA_SF,-7.663,49.268
2018_07_MIN_NYJ,-0.687,45.001
2018_07_NE_CHI,-0.66,47.076
2018_07_NO_BAL,2.49,46.548
2018_07_TEN_LAC,5.641,43.701
2018_07_NYG_ATL,8.561,47.644
2018_08_MIA_HOU,5.505,47.459
2018_08_BAL_CAR,0.882,43.085
2018_08_CLE_PIT,12.612,46.48
2018_08_DEN_KC,8.817,50.251
2018_08_GB_LA,5.956,50.191
2018_08_IND_OAK,-4.469,48.724
2018_08_NO_MIN,-0.83,52.954
2018_08_NYJ_CHI,7.676,43.944
2018_08_PHI_JAX,-4.793,41.839
2018_08_SEA_DET,1.142,48.846
2018_08_SF_ARI,-0.72,44.591
2018_08_TB_CIN,2.777,50.821
2018_08_WAS_NYG,-2.989,43.523
2018_08_NE_BUF,-12.624,42.519
2018_09_OAK_SF,4.221,47.912
2018_09_ATL_WAS,1.265,46.078
2018_09_CHI_BUF,-8.378,37.8
2018_09_DET_MIN,2.384,49.939
2018_09_GB_NE,6.196,50.721
2018_09_HOU_DEN,0.294,46.62
2018_09_KC_CLE,-12.34,48.081
2018_09_LAC_SEA,1.838,45.525
2018_09_LA_NO,-1.496,54.787
2018_09_NYJ_MIA,1.812,44.376
2018_09_PIT_BAL,-0.053,46.339
2018_09_TB_CAR,5.569,50.399
2018_09_TEN_DAL,5.204,42.199
2018_10_CAR_PIT,3.96,48.741
2018_10_ARI_KC,17.784,47.882
2018_10_ATL_CLE,-8.046,47.183
2018_10_BUF_NYJ,6.353,43.624
2018_10_DAL_PHI,5.442,42.781
2018_10_DET_CHI,6.852,45.957
2018_10_JAX_IND,3.103,49.283
2018_10_LAC_OAK,-12.173,44.711
2018_10_MIA_GB,8.054,46.684
2018_10_NE_TEN,-4.559,45.507
2018_10_NO_CIN,-7.361,53.385
2018_10_SEA_LA,7.867,48.372
2018_10_WAS_TB,4.128,49.043
2018_10_NYG_SF,4.869,46.055
2018_11_GB_SEA,5.918,47.044
2018_11_CAR_DET,-2.511,51.422
2018_11_CIN_BAL,9.217,45.181
2018_11_DAL_ATL,4.279,45.641
2018_11_DEN_LAC,9.248,44.873
2018_11_HOU_WAS,-2.533,43.271
2018_11_MIN_CHI,2.915,45.577
2018_11_OAK_ARI,-0.57,43.128
2018_11_PHI_NO,7.656,53.166
2018_11_PIT_JAX,-6.359,46.469
2018_11_TB_NYG,0.636,47.984
2018_11_TEN_IND,1.313,49.301
2018_11_KC_LA,-0.432,55.576
2018_12_ATL_NO,8.638,55.092
2018_12_CHI_DET,-2.373,47.557
2018_12_WAS_DAL,6.586,40.31
2018_12_ARI_LAC,17.073,41.052
2018_12_CLE_CIN,1.672,47.842
2018_12_GB_MIN,2.761,49.141
2018_12_JAX_BUF,-3.652,38.824
2018_12_MIA_IND,9.718,51.969
2018_12_NE_NYJ,-8.302,49.131
2018_12_NYG_PHI,5.273,45.417
2018_12_OAK_BAL,10.443,42.03
2018_12_PIT_DEN,-5.908,47.324
2018_12_SEA_CAR,-0.295,47.199
2018_12_SF_TB,2.27,51.666
2018_12_TEN_HOU,2.426,45.679
2018_13_NO_DAL,-6.884,51.384
2018_13_ARI_GB,16.213,40.245
2018_13_BAL_ATL,2.176,44.356
2018_13_BUF_MIA,2.738,41.054
2018_13_CAR_TB,-3.097,49.986
2018_13_CHI_NYG,-4.57,44.875
2018_13_CLE_HOU,7.507,48.798
2018_13_DEN_CIN,-2.166,45.679
2018_13_IND_JAX,-4.642,45.648
2018_13_KC_OAK,-11.009,52.733
2018_13_LAC_PIT,3.853,47.702
2018_13_LA_DET,-7.175,54.629
2018_13_MIN_NE,6.094,47.122
2018_13_NYJ_TEN,7.847,42.984
2018_13_SF_SEA,10.594,46.187
2018_13_WAS_PHI,6.008,39.049
2018_14_JAX_TEN,5.326,39.047
2018_14_ATL_GB,0.763,47.683
2018_14_BAL_KC,7.978,50.167
2018_14_CAR_CLE,-0.602,46.747
2018_14_CIN_LAC,14.91,47.074
2018_14_DEN_SF,-1.882,44.893
2018_14_DET_ARI,-7.619,44.202
2018_14_IND_HOU,4.121,51.011
2018_14_LA_CHI,0.26,52.038
2018_14_NE_MIA,-11.324,45.923
2018_14_NO_TB,-10.368,53.154
2018_14_NYG_WAS,-0.601,41.421
2018_14_NYJ_BUF,2.568,41.37
2018_14_PHI_DAL,2.538,44.814
2018_14_PIT_OAK,-10.532,49.06
2018_14_MIN_SEA,4.171,45.333
2018_15_LAC_KC,2.827,53.869
2018_15_CLE_DEN,3.22,43.382
2018_15_HOU_NYJ,-6.434,46.1
2018_15_ARI_ATL,15.848,44.84
2018_15_DAL_IND,0.585,47.462
2018_15_DET_BUF,-3.871,42.729
2018_15_GB_CHI,6.165,46.752
2018_15_MIA_MIN,8.297,46.748
2018_15_NE_PIT,-0.388,50.346
2018_15_OAK_CIN,2.229,47.414
2018_15_PHI_LA,9.735,48.296
2018_15_SEA_SF,-5.553,46.591
2018_15_TB_BAL,6.155,45.556
2018_15_TEN_NYG,0.133,44.977
2018_15_WAS_JAX,4.502,36.765
2018_15_NO_CAR,-9.227,50.902
2018_16_BAL_LAC,5.261,43.138
2018_16_WAS_TEN,8.418,39.51
2018_16_ATL_CAR,-3.268,45.965
2018_16_BUF_NE,14.953,43.37
2018_16_CHI_SF,-4.102,46.45
2018_16_CIN_CLE,7.033,46.476
2018_16_GB_NYJ,-4.244,47.117
2018_16_HOU_PHI,0.132,45.158
2018_16_JAX_MIA,-0.406,41.612
2018_16_KC_SEA,-0.918,53.723
2018_16_LA_ARI,-14.371,48.189
2018_16_MIN_DET,-0.65,45.631
2018_16_NYG_IND,9.084,49.126
2018_16_PIT_NO,7.676,51.72
2018_16_TB_DAL,3.552,46.921
2018_16_DEN_OAK,-5.745,42.173
2018_17_ARI_SEA,17.91,42.373
2018_17_ATL_TB,-1.908,49.546
2018_17_CAR_NO,5.847,43.246
2018_17_CHI_MIN,2.326,44.963
2018_17_CIN_PIT,12.218,48.99
2018_17_CLE_BAL,7.4,41.853
2018_17_DAL_NYG,0.851,43.096
2018_17_DET_GB,-3.46,37.927
2018_17_IND_TEN,-6.066,40.183
2018_17_JAX_HOU,6.94,45.035
2018_17_LAC_DEN,-4.837,43.129
2018_17_MIA_BUF,1.262,42.475
2018_17_NYJ_NE,16.192,48.183
2018_17_OAK_KC,16.806,52.577
2018_17_PHI_WAS,-4.495,42.143
2018_17_SF_LA,11.222,50.036
2018_18_IND_HOU,1.892,50.096
2018_18_SEA_DAL,-0.144,46.989
2018_18_LAC_BAL,-0.293,41.992
2018_18_PHI_CHI,3.528,42.048
2018_19_DAL_LA,7.685,49.117
2018_19_IND_KC,7.322,52.738
2018_19_LAC_NE,2.653,45.342
2018_19_PHI_NO,5.762,49.22
2018_20_LA_NO,0.7,55.247
2018_20_NE_KC,1.893,51.706
2018_21_NE_LA,-5.121,54.398
2019_01_GB_CHI,2.941,46.197
2019_01_ATL_MIN,1.183,48.031
2019_01_BAL_MIA,0.678,46.708
2019_01_BUF_NYJ,0.687,45.105
2019_01_CIN_SEA,5.823,47.732
2019_01_DET_ARI,-0.74,47.854
2019_01_IND_LAC,7.688,42.5
2019_01_KC_JAX,-3.536,48.119
2019_01_LA_CAR,-0.71,47.975
2019_01_NYG_DAL,3.948,47.644
2019_01_PIT_NE,4.405,46.635
2019_01_SF_TB,1.564,49.457
2019_01_TEN_CLE,0.519,44.906
2019_01_WAS_PHI,6.746,43.706
2019_01_DEN_OAK,-1.263,43.063
2019_01_HOU_NO,5.514,49.044
2019_02_TB_CAR,4.346,47.914
2019_02_ARI_BAL,10.428,47.244
2019_02_BUF_NYG,1.258,44.811
2019_02_CHI_DEN,-0.678,41.285
2019_02_DAL_WAS,-2.663,44.658
2019_02_IND_TEN,7.464,43.226
2019_02_JAX_HOU,5.762,46.916
2019_02_KC_OAK,-7.65,49.543
2019_02_LAC_DET,-2.168,48.414
2019_02_MIN_GB,3.052,44.106
2019_02_NE_MIA,-11.083,49.342
2019_02_NO_LA,0.187,50.253
2019_02_PHI_ATL,0.381,47.129
2019_02_SEA_PIT,0.741,45.807
2019_02_SF_CIN,0.047,48.349
2019_02_CLE_NYJ,2.463,46.845
2019_03_TEN_JAX,-3.324,41.936
2019_03_ATL_IND,-0.183,45.961
2019_03_BAL_KC,3.438,50.022
2019_03_CAR_ARI,1.202,47.576
2019_03_CIN_BUF,4.619,43.913
2019_03_DEN_GB,5.189,42.587
2019_03_DET_PHI,2.612,44.433
2019_03_HOU_LAC,4.727,44.193
2019_03_LA_CLE,-7.518,46.089
2019_03_MIA_DAL,19.638,44.813
2019_03_NO_SEA,6.805,42.715
2019_03_NYG_TB,6.596,45.304
2019_03_NYJ_NE,16.35,43.571
2019_03_OAK_MIN,8.364,44.983
2019_03_PIT_SF,9.46,44.876
2019_03_CHI_WAS,-1.796,41.964
2019_04_PHI_GB,4.856,45.24
2019_04_CAR_HOU,3.03,47.653
2019_04_CLE_BAL,11.123,45.088
2019_04_DAL_NO,-2.083,44.856
2019_04_JAX_DEN,0.863,39.189
2019_04_KC_DET,-5.948,51.281
2019_04_LAC_MIA,-17.155,40.69
2019_04_MIN_CHI,0.055,41.279
2019_04_NE_BUF,-8.99,42.803
2019_04_OAK_IND,5.218,45.663
2019_04_SEA_ARI,-4.68,50.109
2019_04_TB_LA,7.417,47.542
2019_04_TEN_ATL,1.044,46.5
2019_04_WAS_NYG,3.194,46.805
2019_04_CIN_PIT,0.387,43.287
2019_05_LA_SEA,1.854,49.703
2019_05_ARI_CIN,4.167,45.543
2019_05_ATL_HOU,3.033,46.159
2019_05_BAL_PIT,-1.969,44.264
2019_05_BUF_TEN,7.01,39.082
2019_05_CHI_OAK,-7.396,37.987
2019_05_DEN_LAC,6.581,42.73
2019_05_GB_DAL,3.511,45.547
2019_05_IND_KC,11.687,50.585
2019_05_JAX_CAR,1.467,41.919
2019_05_MIN_NYG,-4.876,43.887
2019_05_NE_WAS,-13.646,42.991
2019_05_NYJ_PHI,11.133,45.54
2019_05_TB_NO,0.292,48.677
2019_05_CLE_SF,5.505,47.045
2019_06_NYG_NE,18.873,43.33
2019_06_ATL_ARI,-2.751,50.273
2019_06_CAR_TB,-0.904,48.095
2019_06_CIN_BAL,9.857,47.724
2019_06_DAL_NYJ,-4.936,44.05
2019_06_HOU_KC,4.525,50.119
2019_06_NO_JAX,0.667,41.58
2019_06_PHI_MIN,2.696,45.914
2019_06_PIT_LAC,4.867,41.178
2019_06_SEA_CLE,-2.913,42.645
2019_06_SF_LA,1.307,49.949
2019_06_TEN_DEN,-0.87,40.331
2019_06_WAS_MIA,-6.743,41.546
2019_06_DET_GB,4.029,46.112
2019_07_KC_DEN,-3.01,46.73
2019_07_ARI_NYG,1.292,46.836
2019_07_BAL_SEA,2.195,49.062
2019_07_HOU_IND,-1.039,45.236
2019_07_JAX_CIN,-4.421,42.684
2019_07_LAC_TEN,-0.09,37.984
2019_07_LA_ATL,1.61,50.89
2019_07_MIA_BUF,10.426,44.987
2019_07_MIN_DET,-1.623,45.305
2019_07_NO_CHI,6.899,38.495
2019_07_OAK_GB,10.273,46.299
2019_07_PHI_DAL,2.633,48.409
2019_07_SF_WAS,-9.785,42.857
2019_07_NE_NYJ,-13.849,44.402
2019_08_WAS_MIN,13.238,43.888
2019_08_ARI_NO,11.531,51.81
2019_08_CAR_SF,4.214,40.632
2019_08_CIN_LA,7.575,47.466
2019_08_CLE_NE,15.999,44.164
2019_08_DEN_IND,4.459,41.356
2019_08_GB_KC,-4.999,44.393
2019_08_LAC_CHI,2.295,41.854
2019_08_NYG_DET,7.255,48.349
2019_08_NYJ_JAX,8.052,41.533
2019_08_OAK_HOU,7.479,49.955
2019_08_PHI_BUF,3.456,39.642
2019_08_SEA_ATL,-8.166,46.723
2019_08_TB_TEN,0.871,44.817
2019_08_MIA_PIT,11.154,46.837
2019_09_SF_ARI,-11.675,47.515
2019_09_CHI_PHI,-0.469,43.302
2019_09_CLE_DEN,3.208,40.3
2019_09_DET_OAK,-1.361,48.365
2019_09_GB_LAC,-2.223,45.45
2019_09_HOU_JAX,-1.075,44.756
2019_09_IND_PIT,1.193,41.576
2019_09_MIN_KC,-4.606,41.191
2019_09_NE_BAL,-5.399,45.492
2019_09_NYJ_MIA,2.208,46.84
2019_09_TB_SEA,4.617,51.856
2019_09_TEN_CAR,3.742,41.295
2019_09_WAS_BUF,7.893,34.188
2019_09_DAL_NYG,-6.282,45.23
2019_10_LAC_OAK,-3.773,45.349
2019_10_ARI_TB,5.125,52.264
2019_10_ATL_NO,13.567,52.39
2019_10_BAL_CIN,-10.059,44.905
2019_10_BUF_CLE,-1.784,42.311
2019_10_CAR_GB,7.42,47.405
2019_10_DET_CHI,8.343,41.19
2019_10_KC_TEN,-9.435,46.269
2019_10_LA_PIT,-1.101,44.346
2019_10_MIA_IND,8.973,48.396
2019_10_MIN_DAL,2.538,46.121
2019_10_NYG_NYJ,-1.039,44.917
2019_10_SEA_SF,6.047,47.323
2019_11_PIT_CLE,-3.253,42.603
2019_11_ARI_SF,10.409,46.35
2019_11_ATL_CAR,3.502,47.938
2019_11_BUF_MIA,-4.902,42.578
2019_11_CHI_LA,1.537,42.46
2019_11_CIN_OAK,8.496,43.733
2019_11_DAL_DET,-5.834,46.471
2019_11_DEN_MIN,7.107,42.313
2019_11_HOU_BAL,6.369,48.748
2019_11_JAX_IND,1.45,44.612
2019_11_NE_PHI,-9.339,44.844
2019_11_NO_TB,-4.456,52.305
2019_11_NYJ_WAS,2.91,39.488
2019_11_KC_LAC,-3.467,49.854
2019_12_IND_HOU,2.772,47.259
2019_12_CAR_NO,10.903,48.449
2019_12_DAL_NE,7.23,42.324
2019_12_DEN_BUF,2.892,36.729
2019_12_DET_WAS,-3.071,37.562
2019_12_GB_SF,2.237,46.366
2019_12_JAX_TEN,3.465,40.685
2019_12_MIA_CLE,7.712,44.888
2019_12_NYG_CHI,11.045,41.748
2019_12_OAK_NYJ,-1.612,45.988
2019_12_PIT_CIN,-6.572,38.486
2019_12_SEA_PHI,-1.551,46.133
2019_12_TB_ATL,2.951,54.268
2019_12_BAL_LA,-4.451,48.061
2019_13_BUF_DAL,5.305,44.047
2019_13_CHI_DET,-1.284,42.581
2019_13_NO_ATL,-4.913,50.595
2019_13_CLE_PIT,1.488,42.047
2019_13_GB_NYG,-10.864,46.653
2019_13_LAC_DEN,-3.746,38.956
2019_13_LA_ARI,-1.584,49.593
2019_13_NE_HOU,-8.306,45.08
2019_13_NYJ_CIN,0.297,43.091
2019_13_OAK_KC,12.627,47.834
2019_13_PHI_MIA,-5.173,46.04
2019_13_SF_BAL,6.72,47.655
2019_13_TB_JAX,-0.984,48.477
2019_13_TEN_IND,1.439,44.157
2019_13_WAS_CAR,7.971,38.463
2019_13_MIN_SEA,2.81,46.958
2019_14_DAL_CHI,-1.226,40.724
2019_14_BAL_BUF,-7.28,41.898
2019_14_CAR_ATL,6.402,49.694
2019_14_CIN_CLE,3.553,41.806
2019_14_DEN_HOU,7.794,43.689
2019_14_DET_MIN,10.515,48.126
2019_14_IND_TB,3.552,49.134
2019_14_KC_NE,3.617,47.822
2019_14_LAC_JAX,-5.068,41.637
2019_14_MIA_NYJ,2.348,48.246
2019_14_PIT_ARI,-2.939,45.94
2019_14_SEA_LA,1.59,47.701
2019_14_SF_NO,2.298,48.863
2019_14_TEN_OAK,-4.55,44.265
2019_14_WAS_GB,16.027,40.313
2019_14_NYG_PHI,7.639,47.927
2019_15_NYJ_BAL,20.032,46.435
2019_15_ATL_SF,9.227,48.524
2019_15_BUF_PIT,1.57,38.712
2019_15_CHI_GB,6.139,40.754
2019_15_CLE_ARI,-3.827,48.434
2019_15_DEN_KC,11.633,46.731
2019_15_HOU_TEN,2.655,45.603
2019_15_JAX_OAK,1.487,44.711
2019_15_LA_DAL,0.763,47.196
2019_15_MIA_NYG,3.005,47.891
2019_15_MIN_LAC,0.632,42.909
2019_15_NE_CIN,-11.813,41.708
2019_15_PHI_WAS,-6.136,39.179
2019_15_SEA_CAR,-6.886,48.823
2019_15_TB_DET,-5.989,51.876
2019_15_IND_NO,9.058,50.441
2019_16_BUF_NE,9.426,39.059
2019_16_HOU_TB,-0.11,51.597
2019_16_LA_SF,4.368,46.541
2019_16_ARI_SEA,8.517,49.296
2019_16_BAL_CLE,-11.843,48.47
2019_16_CAR_IND,3.919,48.388
2019_16_CIN_MIA,-1.535,46.162
2019_16_DAL_PHI,-3.513,47.363
2019_16_DET_DEN,8.42,40.471
2019_16_JAX_ATL,6.631,46.576
2019_16_KC_CHI,-5.13,44.964
2019_16_NO_TEN,-4.676,47.487
2019_16_NYG_WAS,-1.851,41.627
2019_16_OAK_LAC,13.272,45.758
2019_16_PIT_NYJ,-5.454,41.001
2019_16_GB_MIN,2.673,47.247
2019_17_ARI_LA,8.336,47.531
2019_17_ATL_TB,0.323,50.454
2019_17_CHI_MIN,-4.279,39.321
2019_17_CLE_CIN,-2.397,45.645
2019_17_GB_DET,-11.663,45.533
2019_17_IND_JAX,-5.797,42.287
2019_17_LAC_KC,9.161,45.521
2019_17_MIA_NE,20.896,47.656
2019_17_NO_CAR,-11.581,49.526
2019_17_NYJ_BUF,7.045,39.957
2019_17_OAK_DEN,6.47,42.806
2019_17_PHI_NYG,-2.642,47.383
2019_17_PIT_BAL,7.298,39.388
2019_17_SF_SEA,-3.821,49.35
2019_17_TEN_HOU,-7.422,44.209
2019_17_WAS_DAL,13.632,47.534
2019_18_BUF_HOU,1.258,44.076
2019_18_TEN_NE,8.486,43.739
2019_18_MIN_NO,8.356,50.923
2019_18_SEA_PHI,3.155,44.528
2019_19_MIN_SF,7.008,47.154
2019_19_TEN_BAL,10.803,47.111
2019_19_HOU_KC,11.097,49.371
2019_19_SEA_GB,5.544,44.644
2019_20_GB_SF,4.099,46.511
2019_20_TEN_KC,9.24,48.916
2019_21_SF_KC,3.642,51.744
2020_01_HOU_KC,8.78,49.364
2020_01_ARI_SF,8.101,48.016
2020_01_CHI_DET,2.247,47.386
2020_01_CLE_BAL,9.212,46.913
2020_01_DAL_LA,0.44,48.592
2020_01_GB_MIN,1.817,47.145
2020_01_IND_JAX,-4.614,48.053
2020_01_LAC_CIN,0.121,41.146
2020_01_LV_CAR,1.325,47.028
2020_01_MIA_NE,5.125,43.427
2020_01_NYJ_BUF,4.619,40.614
2020_01_PHI_WAS,-5.005,43.72
2020_01_SEA_ATL,1.856,48.864
2020_01_TB_NO,3.833,54.873
2020_01_PIT_NYG,-5.371,47.919
2020_01_TEN_DEN,-0.522,43.639
2020_02_CIN_CLE,2.869,43.629
2020_02_ATL_DAL,3.076,49.003
2020_02_BAL_HOU,-2.504,50.096
2020_02_BUF_MIA,-2.614,44.991
2020_02_CAR_TB,6.801,50.343
2020_02_DEN_PIT,5.647,43.537
2020_02_DET_GB,6.427,48.606
2020_02_JAX_TEN,5.32,44.063
2020_02_KC_LAC,-9.284,45.43
2020_02_LA_PHI,0.044,44.463
2020_02_MIN_IND,0.26,52.211
2020_02_NE_SEA,2.335,42.57
2020_02_NYG_CHI,5.574,43.848
2020_02_SF_NYJ,-5.592,45.722
2020_02_WAS_ARI,5.074,47.139
2020_02_NO_LV,-3.014,51.226
2020_03_MIA_JAX,2.266,47.815
2020_03_CAR_LAC,5.297,45.535
2020_03_CHI_ATL,-0.182,48.626
2020_03_CIN_PHI,4.07,45.81
2020_03_DAL_SEA,2.507,49.953
2020_03_DET_ARI,4.868,51.176
2020_03_GB_NO,0.941,53.265
2020_03_HOU_PIT,6.374,47.977
2020_03_LA_BUF,-2.011,43.237
2020_03_LV_NE,5.17,44.842
2020_03_NYJ_IND,10.448,48.593
2020_03_SF_NYG,-1.214,43.459
2020_03_TB_DEN,-2.794,47.062
2020_03_TEN_MIN,-0.519,49.133
2020_03_WAS_CLE,4.963,43.255
2020_03_KC_BAL,0.288,48.94
2020_04_DEN_NYJ,-0.72,41.526
2020_04_ARI_CAR,-1.249,47.883
2020_04_BAL_WAS,-9.978,46.079
2020_04_BUF_LV,-3.608,50.563
2020_04_CLE_DAL,5.694,52.134
2020_04_IND_CHI,1.795,45.283
2020_04_JAX_CIN,0.735,46.198
2020_04_LAC_TB,10.027,44.56
2020_04_MIN_HOU,-0.29,51.123
2020_04_NO_DET,-0.335,53.773
2020_04_NYG_LA,11.26,49.198
2020_04_PHI_SF,9.135,44.176
2020_04_SEA_MIA,-0.868,49.766
2020_04_ATL_GB,4.964,53.123
2020_04_NE_KC,12.197,42.323
2020_05_TB_CHI,-0.158,47.477
2020_05_ARI_NYJ,-3.28,48.547
2020_05_CAR_ATL,4.203,52.726
2020_05_CIN_BAL,13.612,47.295
2020_05_IND_CLE,-3.641,47.781
2020_05_JAX_HOU,3.915,50.901
2020_05_LA_WAS,-5.899,47.16
2020_05_LV_KC,15.894,48.141
2020_05_MIA_SF,8.782,48.544
2020_05_MIN_SEA,3.764,51.278
2020_05_NYG_DAL,8.743,51.078
2020_05_PHI_PIT,8.178,46.618
2020_05_LAC_NO,10.957,49.583
2020_05_BUF_TEN,2.792,47.36
2020_06_ATL_MIN,2.492,52.277
2020_06_BAL_PHI,-10.814,47.109
2020_06_CHI_CAR,0.975,43.999
2020_06_CIN_IND,9.453,47.745
2020_06_CLE_PIT,5.987,51.581
2020_06_DEN_NE,8.669,42.251
2020_06_DET_JAX,-2.174,49.716
2020_06_GB_TB,0.82,51.532
2020_06_HOU_TEN,5.472,48.906
2020_06_LA_SF,1.701,47.643
2020_06_NYJ_MIA,9.936,47.472
2020_06_WAS_NYG,2.533,45.782
2020_06_ARI_DAL,0.543,52.098
2020_06_KC_BUF,-6.439,49.641
2020_07_NYG_PHI,3.856,47.131
2020_07_BUF_NYJ,-7.533,44.927
2020_07_CAR_NO,8.792,52.698
2020_07_CLE_CIN,1.043,49.651
2020_07_DAL_WAS,1.226,49.332
2020_07_DET_ATL,3.956,53.97
2020_07_GB_HOU,1.199,53.059
2020_07_JAX_LAC,6.799,46.953
2020_07_KC_DEN,-8.16,44.595
2020_07_PIT_TEN,1.08,49.999
2020_07_SEA_ARI,-0.567,51.683
2020_07_SF_NE,1.34,45.012
2020_07_TB_LV,-5.182,54.685
2020_07_CHI_LA,3.743,44.292
2020_08_ATL_CAR,-2.003,49.055
2020_08_DAL_PHI,5.477,46.103
2020_08_IND_DET,-3.573,51.244
2020_08_LAC_DEN,0.1,44.1
2020_08_LA_MIA,-2.568,43.666
2020_08_LV_CLE,1.165,46.216
2020_08_MIN_GB,6.155,46.095
2020_08_NE_BUF,2.919,40.488
2020_08_NO_CHI,-3.281,43.013
2020_08_NYJ_KC,22.925,45.838
2020_08_PIT_BAL,5.077,47.08
2020_08_SF_SEA,0.93,51.705
2020_08_TEN_CIN,-6.347,45.47
2020_08_TB_NYG,-11.588,48.925
2020_09_GB_SF,-3.72,48.427
2020_09_BAL_IND,0.801,50.3
2020_09_CAR_KC,14.834,45.592
2020_09_CHI_TEN,5.445,44.085
2020_09_DEN_ATL,7.056,49.339
2020_09_DET_MIN,4.214,52.839
2020_09_HOU_JAX,-4.016,47.901
2020_09_LV_LAC,1.887,51.095
2020_09_MIA_ARI,3.77,47.499
2020_09_NO_TB,4.88,50.965
2020_09_NYG_WAS,3.028,44.68
2020_09_PIT_DAL,-11.586,49.626
2020_09_SEA_BUF,-1.836,50.995
2020_09_NE_NYJ,-2.83,41.998
2020_10_IND_TEN,-0.283,49.281
2020_10_BAL_NE,-7.19,43.027
2020_10_BUF_ARI,4.349,51.178
2020_10_CIN_PIT,10.517,44.644
2020_10_DEN_LV,5.245,50.222
2020_10_HOU_CLE,1.36,46.456
2020_10_JAX_GB,13.435,45.144
2020_10_LAC_MIA,3.178,46.83
2020_10_PHI_NYG,0.318,43.579
2020_10_SEA_LA,5.38,53.203
2020_10_SF_NO,9.047,51.134
2020_10_TB_CAR,-4.851,47.751
2020_10_WAS_DET,0.611,51.425
2020_10_MIN_CHI,-2.289,44.224
2020_11_ARI_SEA,2.172,53.412
2020_11_ATL_NO,0.719,48.481
2020_11_CIN_WAS,3.539,48.419
2020_11_DAL_MIN,8.839,51.154
2020_11_DET_CAR,-0.293,48.513
2020_11_GB_IND,3.046,51.074
2020_11_KC_LV,-8.087,53.348
2020_11_MIA_DEN,-3.556,45.622
2020_11_NE_HOU,-1.272,46.953
2020_11_NYJ_LAC,8.029,48.593
2020_11_PHI_CLE,0.68,47.484
2020_11_PIT_JAX,-13.113,47.21
2020_11_TEN_BAL,8.241,48.579
2020_11_LA_TB,5.033,48.012
2020_12_HOU_DET,-0.637,51.036
2020_12_WAS_DAL,-1.015,50.204
2020_12_ARI_NE,1.077,46.349
2020_12_CAR_MIN,4.87,50.289
2020_12_CHI_GB,10.312,44.248
2020_12_CLE_JAX,-4.983,46.462
2020_12_KC_TB,-2.144,52.846
2020_12_LAC_BUF,3.05,49.636
2020_12_LV_ATL,0.932,52.909
2020_12_MIA_NYJ,-11.103,45.769
2020_12_NO_DEN,-4.291,42.624
2020_12_NYG_CIN,-2.115,44.062
2020_12_SF_LA,5.952,46.479
2020_12_TEN_IND,3.927,52.443
2020_12_SEA_PHI,-0.299,48.976
2020_12_BAL_PIT,8.664,41.646
2020_13_CIN_MIA,9.354,42.0
2020_13_CLE_TEN,5.47,50.455
2020_13_DEN_KC,15.345,47.791
2020_13_DET_CHI,5.327,45.486
2020_13_IND_HOU,-2.445,51.971
2020_13_JAX_MIN,10.204,50.032
2020_13_LA_ARI,0.392,48.792
2020_13_LV_NYJ,-7.355,43.602
2020_13_NE_LAC,0.66,47.778
2020_13_NO_ATL,2.193,46.751
2020_13_NYG_SEA,8.528,48.629
2020_13_PHI_GB,9.677,49.017
2020_13_BUF_SF,0.983,48.978
2020_13_WAS_PIT,7.496,45.449
2020_13_DAL_BAL,11.448,48.373
2020_14_NE_LA,5.187,45.399
2020_14_ARI_NYG,-1.778,45.415
2020_14_ATL_LAC,-1.651,50.889
2020_14_DAL_CIN,1.332,45.607
2020_14_DEN_CAR,6.948,45.094
2020_14_GB_DET,-8.783,54.511
2020_14_HOU_CHI,4.001,45.277
2020_14_IND_LV,-5.373,53.138
2020_14_KC_MIA,-9.72,46.38
2020_14_MIN_TB,7.589,51.131
2020_14_NO_PHI,-6.319,41.425
2020_14_NYJ_SEA,16.718,47.415
2020_14_PIT_BUF,-2.337,46.333
2020_14_TEN_JAX,-7.372,50.763
2020_14_WAS_SF,-0.287,48.349
2020_14_BAL_CLE,-4.309,45.031
2020_15_LAC_LV,0.849,53.193
2020_15_BUF_DEN,-8.049,41.944
2020_15_CAR_GB,9.757,50.554
2020_15_CHI_MIN,1.464,47.585
2020_15_CLE_NYG,-1.813,46.351
2020_15_DET_TEN,10.161,52.936
2020_15_HOU_IND,10.302,51.749
2020_15_JAX_BAL,12.942,48.245
2020_15_KC_NO,1.507,52.943
2020_15_NE_MIA,-0.165,41.623
2020_15_NYJ_LA,19.724,44.942
2020_15_PHI_ARI,7.144,48.845
2020_15_SEA_WAS,-7.438,45.44
2020_15_SF_DAL,-1.4,50.072
2020_15_TB_ATL,-1.727,51.27
2020_15_PIT_CIN,-12.321,39.758
2020_16_MIN_NO,8.285,51.984
2020_16_MIA_LV,-2.965,50.378
2020_16_SF_ARI,8.734,49.864
2020_16_TB_DET,-8.389,54.728
2020_16_ATL_KC,9.455,49.923
2020_16_CAR_WAS,-1.646,42.686
2020_16_CHI_JAX,-8.507,44.463
2020_16_CIN_HOU,6.305,46.547
2020_16_CLE_NYJ,-6.576,46.347
2020_16_DEN_LAC,4.074,49.182
2020_16_IND_PIT,2.473,46.896
2020_16_LA_SEA,0.993,47.604
2020_16_NYG_BAL,12.999,44.874
2020_16_PHI_DAL,2.468,51.001
2020_16_TEN_GB,3.371,50.981
2020_16_BUF_NE,-3.935,44.955
2020_17_ARI_LA,5.176,44.551
2020_17_ATL_TB,6.612,48.82
2020_17_BAL_CIN,-10.033,46.606
2020_17_DAL_NYG,0.115,46.158
2020_17_GB_CHI,-3.594,47.52
2020_17_JAX_IND,15.086,50.294
2020_17_LAC_KC,-2.485,41.271
2020_17_LV_DEN,-2.163,49.435
2020_17_MIA_BUF,5.355,46.533
2020_17_MIN_DET,-1.083,54.914
2020_17_NO_CAR,-6.438,49.71
2020_17_NYJ_NE,9.17,40.45
2020_17_PIT_CLE,2.406,42.988
2020_17_SEA_SF,-10.282,48.753
2020_17_TEN_HOU,-4.955,53.957
2020_17_WAS_PHI,-7.649,44.913
2020_18_IND_BUF,4.486,51.095
2020_18_LA_SEA,4.708,44.053
2020_18_TB_WAS,-6.123,46.722
2020_18_BAL_TEN,-2.495,52.077
2020_18_CHI_NO,11.566,50.142
2020_18_CLE_PIT,10.023,47.009
2020_19_BAL_BUF,-1.842,48.685
2020_19_LA_GB,6.662,45.338
2020_19_CLE_KC,4.891,51.421
2020_19_TB_NO,3.697,54.1
2020_20_BUF_KC,0.759,50.715
2020_20_TB_GB,2.689,51.994
2020_21_KC_TB,4.415,52.456
2021_01_DAL_TB,7.254,52.11
2021_01_ARI_TEN,2.918,49.897
2021_01_CHI_LA,4.633,48.366
2021_01_CLE_KC,6.922,49.873
2021_01_DEN_NYG,1.012,43.436
2021_01_GB_NO,-2.118,47.686
2021_01_JAX_HOU,2.543,47.745
2021_01_LAC_WAS,4.433,48.697
2021_01_MIA_NE,0.488,41.302
2021_01_MIN_CIN,0.086,48.02
2021_01_NYJ_CAR,1.971,44.262
2021_01_PHI_ATL,5.572,46.847
2021_01_PIT_BUF,2.926,46.524
2021_01_SEA_IND,-1.274,48.165
2021_01_SF_DET,-3.662,53.043
2021_01_BAL_LV,-3.641,51.023
2021_02_NYG_WAS,4.444,42.982
2021_02_ATL_TB,8.944,49.043
2021_02_BUF_MIA,-1.535,46.345
2021_02_CIN_CHI,1.322,47.196
2021_02_DAL_LAC,3.34,52.375
2021_02_DEN_JAX,-2.363,48.513
2021_02_HOU_CLE,3.6,48.217
2021_02_KC_BAL,-1.169,49.28
2021_02_LA_IND,-5.147,47.207
2021_02_LV_PIT,4.809,49.582
2021_02_MIN_ARI,5.903,51.579
2021_02_NE_NYJ,-1.353,41.366
2021_02_NO_CAR,-5.665,43.029
2021_02_SF_PHI,0.588,48.667
2021_02_TEN_SEA,7.78,48.278
2021_02_DET_GB,7.857,50.244
2021_03_CAR_HOU,-2.267,44.883
2021_03_ARI_JAX,-8.195,48.231
2021_03_ATL_NYG,1.79,46.369
2021_03_BAL_DET,-6.326,53.505
2021_03_CHI_CLE,5.41,42.479
2021_03_CIN_PIT,5.799,45.774
2021_03_GB_SF,2.237,48.033
2021_03_IND_TEN,3.216,48.547
2021_03_LAC_KC,7.823,46.18
2021_03_MIA_LV,6.451,49.281
2021_03_NO_NE,-0.783,41.287
2021_03_NYJ_DEN,7.951,44.116
2021_03_SEA_MIN,-1.664,53.176
2021_03_TB_LA,-0.615,52.581
2021_03_WAS_BUF,8.384,42.526
2021_03_PHI_DAL,1.555,47.008
2021_04_JAX_CIN,7.371,45.707
2021_04_ARI_LA,3.893,50.876
2021_04_BAL_DEN,-0.445,45.995
2021_04_CAR_DAL,4.607,47.925
2021_04_CLE_MIN,2.81,52.642
2021_04_DET_CHI,2.169,45.018
2021_04_HOU_BUF,11.33,46.039
2021_04_IND_MIA,1.867,41.944
2021_04_KC_PHI,-7.219,48.963
2021_04_NYG_NO,11.523,45.359
2021_04_PIT_GB,3.327,46.722
2021_04_SEA_SF,2.403,49.774
2021_04_TB_NE,-4.768,46.847
2021_04_TEN_NYJ,-7.438,44.718
2021_04_WAS_ATL,1.966,47.293
2021_04_LV_LAC,1.242,51.075
2021_05_LA_SEA,-1.2,48.523
2021_05_BUF_KC,1.127,52.001
2021_05_CHI_LV,6.602,47.886
2021_05_CLE_LAC,3.582,46.635
2021_05_DEN_PIT,2.24,43.62
2021_05_DET_MIN,7.097,51.23
2021_05_GB_CIN,-0.527,46.684
2021_05_MIA_TB,12.129,48.352
2021_05_NE_HOU,-4.201,42.61
2021_05_NO_WAS,-4.298,46.409
2021_05_NYG_DAL,11.125,50.736
2021_05_NYJ_ATL,4.355,44.321
2021_05_PHI_CAR,1.262,43.079
2021_05_SF_ARI,8.248,49.996
2021_05_TEN_JAX,-5.352,49.032
2021_05_IND_BAL,8.997,45.126
2021_06_TB_PHI,-7.529,49.578
2021_06_ARI_CLE,-0.548,44.898
2021_06_CIN_DET,-3.718,48.77
2021_06_DAL_NE,-4.112,46.832
2021_06_GB_CHI,-5.002,43.91
2021_06_HOU_IND,9.223,44.977
2021_06_KC_WAS,-5.313,51.781
2021_06_LAC_BAL,3.614,46.222
2021_06_LA_NYG,-8.086,45.859
2021_06_LV_DEN,3.204,46.504
2021_06_MIA_JAX,-2.105,46.502
2021_06_MIN_CAR,-1.766,44.066
2021_06_SEA_PIT,7.393,42.273
2021_06_BUF_TEN,-5.251,50.035
2021_07_DEN_CLE,-2.381,39.884
2021_07_ATL_MIA,-1.812,47.344
2021_07_CAR_NYG,-3.696,44.206
2021_07_CHI_TB,14.604,45.506
2021_07_CIN_BAL,5.657,45.637
2021_07_DET_LA,15.216,50.537
2021_07_HOU_ARI,16.071,47.46
2021_07_IND_SF,4.403,45.148
2021_07_KC_TEN,-2.308,52.818
2021_07_NYJ_NE,8.672,40.612
2021_07_PHI_LV,2.523,50.148
2021_07_WAS_GB,9.482,48.322
2021_07_NO_SEA,-6.899,40.772
2021_08_GB_ARI,5.335,47.244
2021_08_CAR_ATL,4.32,45.839
2021_08_CIN_NYJ,-10.46,45.712
2021_08_DAL_MIN,1.526,51.223
2021_08_JAX_SEA,6.954,43.183
2021_08_LA_HOU,-14.205,47.252
2021_08_MIA_BUF,13.877,48.054
2021_08_NE_LAC,2.294,47.954
2021_08_PHI_DET,-0.204,48.972
2021_08_PIT_CLE,-1.161,45.659
2021_08_SF_CHI,-4.764,42.475
2021_08_TB_NO,-2.711,49.854
2021_08_TEN_IND,0.446,47.961
2021_08_WAS_DEN,6.459,44.851
2021_08_NYG_KC,10.659,47.91
2021_09_NYJ_IND,8.915,49.361
2021_09_ARI_SF,2.872,45.131
2021_09_ATL_NO,5.803,46.115
2021_09_BUF_JAX,-14.19,45.606
2021_09_CLE_CIN,5.805,47.846
2021_09_DEN_DAL,9.738,50.234
2021_09_GB_KC,8.862,42.812
2021_09_HOU_MIA,3.969,43.815
2021_09_LAC_PHI,0.76,47.25
2021_09_LV_NYG,-3.324,47.154
2021_09_MIN_BAL,6.512,47.456
2021_09_NE_CAR,-2.477,40.385
2021_09_TEN_LA,7.057,53.236
2021_09_CHI_PIT,9.556,40.288
2021_10_BAL_MIA,-6.664,45.977
2021_10_ATL_DAL,6.623,53.635
2021_10_BUF_NYJ,-11.27,48.712
2021_10_CAR_ARI,10.018,42.354
2021_10_CLE_NE,3.489,45.496
2021_10_DET_PIT,6.344,41.611
2021_10_JAX_IND,9.159,48.27
2021_10_KC_LV,-1.876,51.32
2021_10_MIN_LAC,3.859,50.962
2021_10_NO_TEN,4.39,45.441
2021_10_PHI_DEN,1.659,41.275
2021_10_SEA_GB,2.64,45.387
2021_10_TB_WAS,-9.716,49.703
2021_10_LA_SF,-1.255,49.542
2021_11_NE_ATL,-6.865,48.019
2021_11_ARI_SEA,4.049,42.866
2021_11_BAL_CHI,-0.88,39.956
2021_11_CIN_LV,0.043,51.634
2021_11_DAL_KC,3.224,48.885
2021_11_DET_CLE,8.985,46.454
2021_11_GB_MIN,-1.154,48.013
2021_11_HOU_TEN,10.329,48.833
2021_11_IND_BUF,7.629,47.234
2021_11_MIA_NYJ,-2.944,47.724
2021_11_NO_PHI,4.383,44.26
2021_11_PIT_LAC,2.622,47.801
2021_11_SF_JAX,-5.162,43.899
2021_11_WAS_CAR,5.447,45.339
2021_11_NYG_TB,12.304,47.9
2021_12_BUF_NO,-8.054,47.723
2021_12_CHI_DET,-2.639,46.384
2021_12_LV_DAL,7.005,52.43
2021_12_ATL_JAX,-0.288,44.47
2021_12_CAR_MIA,0.937,44.213
2021_12_CLE_BAL,4.082,46.637
2021_12_LAC_DEN,-0.437,46.34
2021_12_LA_GB,2.943,45.32
2021_12_MIN_SF,3.343,49.883
2021_12_NYJ_HOU,8.396,48.581
2021_12_PHI_NYG,-5.438,45.586
2021_12_PIT_CIN,3.723,46.476
2021_12_TB_IND,-1.451,52.948
2021_12_TEN_NE,8.391,45.64
2021_12_SEA_WAS,-4.125,44.505
2021_13_DAL_NO,-4.419,50.596
2021_13_ARI_CHI,-7.364,45.28
2021_13_BAL_PIT,-3.907,45.792
2021_13_DEN_KC,9.886,40.074
2021_13_IND_HOU,-9.509,49.489
2021_13_JAX_LA,10.855,48.144
2021_13_LAC_CIN,3.898,49.41
2021_13_MIN_DET,-4.335,49.486
2021_13_NYG_MIA,5.405,40.465
2021_13_PHI_NYJ,-8.438,45.95
2021_13_SF_SEA,-0.3,45.516
2021_13_TB_ATL,-8.092,51.672
2021_13_WAS_LV,4.323,50.494
2021_13_NE_BUF,3.651,39.063
2021_14_PIT_MIN,1.412,50.897
2021_14_ATL_CAR,2.075,45.325
2021_14_BAL_CLE,-2.287,43.359
2021_14_BUF_TB,2.917,49.49
2021_14_CHI_GB,13.051,42.121
2021_14_DAL_WAS,-6.375,45.731
2021_14_DET_DEN,9.97,41.967
2021_14_JAX_TEN,11.636,45.984
2021_14_LV_KC,10.497,45.036
2021_14_NO_NYJ,-7.427,44.207
2021_14_NYG_LAC,6.661,46.552
2021_14_SEA_HOU,-10.877,39.796
2021_14_SF_CIN,0.586,49.738
2021_14_LA_ARI,7.652,49.241
2021_15_KC_LAC,-2.632,51.792
2021_15_NE_IND,-0.881,47.569
2021_15_ARI_DET,-11.959,48.323
2021_15_ATL_SF,6.865,47.77
2021_15_CAR_BUF,11.884,45.563
2021_15_CIN_DEN,1.267,42.09
2021_15_DAL_NYG,-8.487,44.548
2021_15_GB_BAL,-7.698,42.101
2021_15_HOU_JAX,7.714,38.36
2021_15_NO_TB,7.521,48.688
2021_15_NYJ_MIA,14.052,44.485
2021_15_TEN_PIT,0.697,46.747
2021_15_LV_CLE,-1.478,45.94
2021_15_MIN_CHI,-7.009,46.829
2021_15_SEA_LA,4.628,48.407
2021_15_WAS_PHI,9.608,44.422
2021_16_SF_TEN,-0.408,48.154
2021_16_CLE_GB,12.837,46.105
2021_16_IND_ARI,1.707,50.941
2021_16_BAL_CIN,5.435,44.367
2021_16_BUF_NE,1.606,42.865
2021_16_CHI_SEA,7.988,41.553
2021_16_DEN_LV,-0.492,43.83
2021_16_DET_ATL,8.724,43.288
2021_16_JAX_NYJ,-1.666,43.542
2021_16_LAC_HOU,-11.34,48.696
2021_16_LA_MIN,-2.695,51.862
2021_16_NYG_PHI,9.146,43.699
2021_16_PIT_KC,9.092,42.581
2021_16_TB_CAR,-10.377,45.689
2021_16_WAS_DAL,11.678,49.153
2021_16_MIA_NO,0.776,43.716
2021_17_ARI_DAL,10.076,51.554
2021_17_ATL_BUF,12.891,45.582
2021_17_CAR_NO,7.515,41.694
2021_17_DEN_LAC,7.249,46.576
2021_17_DET_SEA,13.602,41.22
2021_17_HOU_SF,12.921,41.209
2021_17_JAX_NE,21.034,41.496
2021_17_KC_CIN,-3.479,46.845
2021_17_LA_BAL,-5.732,44.99
2021_17_LV_IND,8.452,50.141
2021_17_MIA_TEN,2.4,43.113
2021_17_MIN_GB,13.251,45.335
2021_17_NYG_CHI,7.994,39.659
2021_17_PHI_WAS,-8.331,46.486
2021_17_TB_NYJ,-15.05,48.759
2021_17_CLE_PIT,3.058,43.161
2021_18_DAL_PHI,-7.072,48.322
2021_18_KC_DEN,-10.327,41.494
2021_18_CAR_TB,13.861,44.796
2021_18_CHI_MIN,2.659,49.921
2021_18_CIN_CLE,7.973,37.266
2021_18_GB_DET,-11.917,49.924
2021_18_IND_JAX,-14.622,42.271
2021_18_LAC_LV,-1.304,53.152
2021_18_NE_MIA,-5.692,42.686
2021_18_NO_ATL,-1.041,43.912
2021_18_NYJ_BUF,19.434,44.33
2021_18_PIT_BAL,1.098,42.743
2021_18_SEA_ARI,4.84,46.168
2021_18_SF_LA,3.803,49.689
2021_18_TEN_HOU,-12.944,45.106
2021_18_WAS_NYG,-0.218,41.972
2021_19_LV_CIN,4.74,48.09
2021_19_NE_BUF,4.484,44.428
2021_19_PHI_TB,10.614,46.317
2021_19_PIT_KC,9.624,46.075
2021_19_SF_DAL,5.75,52.38
2021_19_ARI_LA,1.258,50.152
2021_20_CIN_TEN,3.904,47.608
2021_20_SF_GB,2.039,46.783
2021_20_BUF_KC,1.673,48.579
2021_20_LA_TB,4.708,48.829
2021_21_CIN_KC,9.26,50.35
2021_21_SF_LA,1.884,48.573
2021_22_LA_CIN,-1.128,50.174
2022_01_BUF_LA,0.261,49.447
2022_01_BAL_NYJ,-2.931,49.264
2022_01_CLE_CAR,4.42,44.71
2022_01_GB_MIN,-1.407,50.314
2022_01_IND_HOU,-7.037,48.459
2022_01_JAX_WAS,6.946,45.576
2022_01_KC_ARI,-2.561,50.606
2022_01_LV_LAC,4.408,51.114
2022_01_NE_MIA,-1.094,45.167
2022_01_NO_ATL,-4.658,46.318
2022_01_NYG_TEN,7.535,44.36
2022_01_PHI_DET,-1.456,49.228
2022_01_PIT_CIN,6.89,44.731
2022_01_SF_CHI,-1.236,40.268
2022_01_TB_DAL,0.504,51.268
2022_01_DEN_SEA,-1.957,42.778
2022_02_LAC_KC,8.068,50.67
2022_02_ARI_LV,1.629,49.604
2022_02_ATL_LA,6.384,47.157
2022_02_CAR_NYG,-0.868,45.617
2022_02_CHI_GB,6.141,42.672
2022_02_CIN_DAL,-0.878,45.325
2022_02_HOU_DEN,9.981,42.98
2022_02_IND_JAX,-4.898,46.303
2022_02_MIA_BAL,2.908,43.656
2022_02_NE_PIT,-2.732,42.914
2022_02_NYJ_CLE,4.027,44.874
2022_02_SEA_SF,1.893,38.677
2022_02_TB_NO,-2.135,47.918
2022_02_WAS_DET,-2.697,50.973
2022_02_MIN_PHI,0.588,48.368
2022_02_TEN_BUF,7.001,45.923
2022_03_PIT_CLE,2.79,42.821
2022_03_ATL_SEA,1.714,42.922
2022_03_BAL_NE,1.06,45.701
2022_03_BUF_MIA,-2.849,46.761
2022_03_CIN_NYJ,-2.695,47.318
2022_03_DET_MIN,6.281,50.034
2022_03_GB_TB,4.81,43.808
2022_03_HOU_CHI,4.393,40.377
2022_03_JAX_LAC,6.541,47.796
2022_03_KC_IND,-4.352,48.039
2022_03_LA_ARI,0.444,50.467
2022_03_LV_TEN,5.032,45.83
2022_03_NO_CAR,-0.292,45.343
2022_03_PHI_WAS,-2.765,48.632
2022_03_SF_DEN,-0.503,42.365
2022_03_DAL_NYG,-0.216,41.007
2022_04_MIA_CIN,1.921,44.967
2022_04_ARI_CAR,3.218,46.363
2022_04_BUF_BAL,-2.768,48.782
2022_04_CHI_NYG,2.634,40.826
2022_04_CLE_ATL,4.163,46.429
2022_04_DEN_LV,-3.787,44.479
2022_04_JAX_PHI,6.26,44.207
2022_04_KC_TB,1.387,45.8
2022_04_LAC_HOU,-2.166,47.644
2022_04_MIN_NO,-4.843,42.248
2022_04_NE_GB,7.516,40.942
2022_04_NYJ_PIT,5.776,41.748
2022_04_SEA_DET,-1.449,48.877
2022_04_TEN_IND,3.503,44.343
2022_04_WAS_DAL,5.492,46.101
2022_04_LA_SF,4.05,43.45
2022_05_IND_DEN,2.5,41.212
2022_05_ATL_TB,8.169,45.443
2022_05_CHI_MIN,7.886,44.633
2022_05_CIN_BAL,0.51,47.495
2022_05_DAL_LA,1.476,45.056
2022_05_DET_NE,5.116,49.269
2022_05_HOU_JAX,8.613,43.103
2022_05_LAC_CLE,2.399,47.939
2022_05_MIA_NYJ,-8.023,44.457
2022_05_NYG_GB,6.874,41.71
2022_05_PHI_ARI,-1.549,48.723
2022_05_PIT_BUF,10.847,42.957
2022_05_SEA_NO,-0.614,46.424
2022_05_SF_CAR,-4.245,42.303
2022_05_TEN_WAS,-2.372,44.992
2022_05_LV_KC,11.088,50.313
2022_06_WAS_CHI,5.414,42.754
2022_06_ARI_SEA,0.215,48.003
2022_06_BAL_NYG,-2.63,45.238
2022_06_BUF_KC,-0.865,49.309
2022_06_CAR_LA,9.192,43.674
2022_06_CIN_NO,-6.164,45.726
2022_06_DAL_PHI,3.843,42.886
2022_06_JAX_IND,3.738,41.191
2022_06_MIN_MIA,0.754,46.781
2022_06_NE_CLE,0.202,43.437
2022_06_NYJ_GB,11.477,44.491
2022_06_SF_ATL,-4.283,43.304
2022_06_TB_PIT,-9.437,41.624
2022_06_DEN_LAC,4.458,46.454
2022_07_NO_ARI,1.338,44.642
2022_07_ATL_CIN,6.544,44.81
2022_07_CLE_BAL,7.646,48.067
2022_07_DET_DAL,13.632,51.817
2022_07_GB_WAS,-5.786,41.533
2022_07_HOU_LV,5.954,46.87
2022_07_IND_TEN,1.586,43.898
2022_07_KC_SF,-1.197,47.091
2022_07_NYG_JAX,1.906,42.426
2022_07_NYJ_DEN,-0.949,37.322
2022_07_PIT_MIA,4.566,42.859
2022_07_SEA_LAC,3.847,51.33
2022_07_TB_CAR,-12.506,40.542
2022_07_CHI_NE,9.81,41.512
2022_08_BAL_TB,1.951,44.626
2022_08_ARI_MIN,7.857,47.998
2022_08_CAR_ATL,8.072,43.53
2022_08_CHI_DAL,9.142,41.403
2022_08_DEN_JAX,-1.175,39.286
2022_08_GB_BUF,13.036,44.181
2022_08_LV_NO,1.777,52.906
2022_08_MIA_DET,-3.739,50.235
2022_08_NE_NYJ,-3.538,44.339
2022_08_NYG_SEA,3.841,45.357
2022_08_PIT_PHI,11.133,41.876
2022_08_SF_LA,0.368,45.205
2022_08_TEN_HOU,-2.055,41.43
2022_08_WAS_IND,3.209,40.631
2022_08_CIN_CLE,-6.115,46.121
2022_09_PHI_HOU,-10.365,45.452
2022_09_BUF_NYJ,-10.954,41.602
2022_09_CAR_CIN,11.638,42.301
2022_09_GB_DET,-5.784,49.947
2022_09_IND_NE,7.262,39.695
2022_09_LAC_ATL,1.71,49.881
2022_09_LA_TB,5.434,41.936
2022_09_LV_JAX,0.201,44.12
2022_09_MIA_CHI,-1.603,42.188
2022_09_MIN_WAS,-3.904,42.842
2022_09_SEA_ARI,-0.473,47.963
2022_09_TEN_KC,12.863,44.659
2022_09_BAL_NO,0.647,49.354
2022_10_ATL_CAR,-1.264,43.481
2022_10_ARI_LA,-0.231,42.015
2022_10_CLE_MIA,3.546,47.377
2022_10_DAL_GB,-4.682,43.825
2022_10_DEN_TEN,4.504,39.307
2022_10_DET_CHI,1.326,46.625
2022_10_HOU_NYG,4.692,39.311
2022_10_IND_LV,1.033,46.913
2022_10_JAX_KC,11.237,48.103
2022_10_LAC_SF,8.597,46.458
2022_10_MIN_BUF,8.079,44.807
2022_10_NO_PIT,-1.837,39.89
2022_10_SEA_TB,0.151,44.599
2022_10_WAS_PHI,11.034,42.854
2022_11_TEN_GB,0.691,41.216
2022_11_CAR_BAL,12.565,44.19
2022_11_CHI_ATL,1.647,48.662
2022_11_CIN_PIT,-6.398,40.961
2022_11_CLE_BUF,8.916,48.981
2022_11_DAL_MIN,-1.041,49.571
2022_11_DET_NYG,3.711,41.934
2022_11_KC_LAC,-6.832,52.734
2022_11_LA_NO,0.84,45.235
2022_11_LV_DEN,1.136,41.453
2022_11_NYJ_NE,10.221,42.66
2022_11_PHI_IND,-7.724,42.715
2022_11_WAS_HOU,-2.946,42.817
2022_11_SF_ARI,-8.756,43.942
2022_12_BUF_DET,-8.88,50.968
2022_12_NE_MIN,-0.045,45.758
2022_12_NYG_DAL,15.527,46.394
2022_12_ATL_WAS,5.078,43.436
2022_12_BAL_JAX,-2.394,41.079
2022_12_CHI_NYJ,6.398,45.367
2022_12_CIN_TEN,0.106,44.017
2022_12_DEN_CAR,0.273,35.738
2022_12_GB_PHI,6.318,39.948
2022_12_HOU_MIA,7.643,46.056
2022_12_LAC_ARI,-4.242,50.98
2022_12_LA_KC,17.957,44.286
2022_12_LV_SEA,4.951,47.783
2022_12_NO_SF,9.246,43.806
2022_12_TB_CLE,-2.956,43.026
2022_12_PIT_IND,6.416,42.779
2022_13_BUF_NE,-2.339,44.35
2022_13_CLE_HOU,-5.486,50.893
2022_13_DEN_BAL,8.661,40.479
2022_13_GB_CHI,-4.752,45.187
2022_13_IND_DAL,11.119,46.413
2022_13_JAX_DET,0.964,49.509
2022_13_KC_CIN,-1.667,49.783
2022_13_LAC_LV,3.82,51.48
2022_13_MIA_SF,5.702,44.506
2022_13_NYJ_MIN,1.552,48.387
2022_13_PIT_ATL,1.523,45.512
2022_13_SEA_LA,-9.983,44.899
2022_13_TEN_PHI,3.15,44.848
2022_13_WAS_NYG,-0.645,40.086
2022_13_NO_TB,5.398,41.048
2022_14_LV_LA,-4.307,46.726
2022_14_BAL_PIT,1.263,38.45
2022_14_CAR_SEA,6.599,45.435
2022_14_CLE_CIN,4.865,50.338
2022_14_HOU_DAL,20.325,47.019
2022_14_JAX_TEN,4.076,42.87
2022_14_KC_DEN,-8.937,42.437
2022_14_MIA_LAC,-1.055,51.024
2022_14_MIN_DET,1.049,51.667
2022_14_NYJ_BUF,7.973,44.967
2022_14_PHI_NYG,-8.032,44.814
2022_14_TB_SF,2.443,36.584
2022_14_NE_ARI,-2.296,46.729
2022_15_SF_SEA,0.01,43.451
2022_15_BAL_CLE,5.141,43.403
2022_15_IND_MIN,4.425,48.089
2022_15_MIA_BUF,8.181,46.443
2022_15_ARI_DEN,1.892,36.244
2022_15_ATL_NO,5.329,44.262
2022_15_CIN_TB,-2.128,43.319
2022_15_DAL_JAX,-7.281,47.758
2022_15_DET_NYJ,-1.386,43.701
2022_15_KC_HOU,-16.95,48.91
2022_15_NE_LV,-1.823,46.629
2022_15_NYG_WAS,2.267,39.645
2022_15_PHI_CHI,-9.363,45.227
2022_15_PIT_CAR,1.177,40.036
2022_15_TEN_LAC,2.937,47.085
2022_15_LA_GB,7.071,41.158
2022_16_JAX_NYJ,1.375,40.465
2022_16_ATL_BAL,2.485,37.81
2022_16_BUF_CHI,-13.046,42.851
2022_16_CIN_NE,-0.919,44.265
2022_16_DET_CAR,-1.648,44.417
2022_16_HOU_TEN,4.12,34.963
2022_16_LV_PIT,1.387,39.149
2022_16_NO_CLE,6.773,38.139
2022_16_NYG_MIN,4.425,48.898
2022_16_PHI_DAL,4.149,50.419
2022_16_SEA_KC,11.287,50.74
2022_16_WAS_SF,8.756,36.556
2022_16_DEN_LA,0.655,39.403
2022_16_GB_MIA,2.012,45.625
2022_16_TB_ARI,-5.112,42.61
2022_16_LAC_IND,-4.439,46.035
2022_17_DAL_TEN,-14.075,44.005
2022_17_ARI_ATL,6.313,43.932
2022_17_CAR_TB,5.457,41.772
2022_17_CHI_DET,5.848,50.594
2022_17_CLE_WAS,-2.767,44.227
2022_17_DEN_KC,15.759,45.178
2022_17_IND_NYG,8.445,39.29
2022_17_JAX_HOU,-5.205,45.698
2022_17_LA_LAC,6.399,45.462
2022_17_MIA_NE,3.19,44.955
2022_17_MIN_GB,3.564,47.534
2022_17_NO_PHI,8.806,43.858
2022_17_NYJ_SEA,-0.407,45.126
2022_17_PIT_BAL,1.168,36.165
2022_17_SF_LV,-8.538,41.289
2022_18_KC_LV,-10.817,50.205
2022_18_TEN_JAX,9.283,40.005
2022_18_ARI_SF,15.303,41.527
2022_18_BAL_CIN,11.118,41.693
2022_18_CAR_NO,2.103,43.834
2022_18_CLE_PIT,-1.264,41.772
2022_18_DAL_WAS,-12.666,45.527
2022_18_DET_GB,3.381,47.261
2022_18_HOU_IND,-0.111,40.957
2022_18_LAC_DEN,-5.113,42.052
2022_18_LA_SEA,4.767,44.094
2022_18_MIN_CHI,-4.302,47.596
2022_18_NE_BUF,7.652,43.939
2022_18_NYG_PHI,17.342,45.355
2022_18_NYJ_MIA,1.262,40.966
2022_18_TB_ATL,7.943,37.145
2022_19_LAC_JAX,2.113,45.602
2022_19_SEA_SF,9.226,43.675
2022_19_BAL_CIN,8.319,41.145
2022_19_MIA_BUF,15.376,43.51
2022_19_NYG_MIN,1.334,49.196
2022_19_DAL_TB,-7.717,46.712
2022_20_JAX_KC,9.865,48.278
2022_20_NYG_PHI,9.265,46.8
2022_20_CIN_BUF,5.305,48.432
2022_20_DAL_SF,1.894,44.368
2022_21_CIN_KC,4.739,47.177
2022_21_SF_PHI,1.038,44.879
2022_22_KC_PHI,-1.013,51.487
2023_01_DET_KC,7.035,48.302
2023_01_ARI_WAS,4.418,42.099
2023_01_CAR_ATL,0.564,44.919
2023_01_CIN_CLE,-0.71,45.763
2023_01_DAL_NYG,-3.493,46.06
2023_01_GB_CHI,1.63,40.146
2023_01_HOU_BAL,7.361,45.407
2023_01_JAX_IND,-2.743,45.408
2023_01_LA_SEA,0.876,45.689
2023_01_LV_DEN,-0.62,46.552
2023_01_MIA_LAC,1.831,49.231
2023_01_PHI_NE,-2.186,46.008
2023_01_SF_PIT,-2.448,41.602
2023_01_TB_MIN,5.758,44.384
2023_01_TEN_NO,2.939,45.601
2023_01_BUF_NYJ,2.313,48.636
2023_02_MIN_PHI,5.635,47.466
2023_02_BAL_CIN,3.05,43.328
2023_02_CHI_TB,5.493,41.688
2023_02_GB_ATL,2.512,40.134
2023_02_IND_HOU,1.446,42.916
2023_02_KC_JAX,-3.006,46.864
2023_02_LAC_TEN,0.998,45.374
2023_02_LV_BUF,4.634,46.971
2023_02_MIA_NE,-1.799,47.116
2023_02_NYG_ARI,1.738,44.486
2023_02_NYJ_DAL,11.271,42.201
2023_02_SEA_DET,5.806,48.201
2023_02_SF_LA,-0.774,45.444
2023_02_WAS_DEN,2.845,40.312
2023_02_CLE_PIT,-4.618,41.505
2023_02_NO_CAR,-3.013,42.012
2023_03_NYG_SF,13.02,43.479
2023_03_ATL_DET,0.394,47.694
2023_03_BUF_WAS,-4.742,45.143
2023_03_CAR_SEA,0.725,46.772
2023_03_CHI_KC,15.548,45.923
2023_03_DAL_ARI,-7.567,45.474
2023_03_DEN_MIA,4.309,47.348
2023_03_HOU_JAX,8.792,43.994
2023_03_IND_BAL,5.341,45.204
2023_03_LAC_MIN,3.674,51.253
2023_03_NE_NYJ,0.772,38.963
2023_03_NO_GB,-0.106,41.807
2023_03_PIT_LV,5.098,46.469
2023_03_TEN_CLE,3.917,43.025
2023_03_LA_CIN,1.423,45.059
2023_03_PHI_TB,-3.406,43.64
2023_04_DET_GB,0.924,44.419
2023_04_ARI_SF,12.226,44.524
2023_04_ATL_JAX,0.521,42.132
2023_04_BAL_CLE,3.269,40.194
2023_04_CIN_TEN,-2.492,42.565
2023_04_DEN_CHI,-3.649,48.485
2023_04_KC_NYJ,-9.547,40.83
2023_04_LA_IND,-4.054,43.846
2023_04_LV_LAC,4.196,45.915
2023_04_MIA_BUF,5.184,50.344
2023_04_MIN_CAR,-4.196,46.13
2023_04_NE_DAL,9.352,45.635
2023_04_PIT_HOU,-0.438,43.879
2023_04_TB_NO,2.395,40.892
2023_04_WAS_PHI,9.893,45.254
2023_04_SEA_NYG,-1.334,47.856
2023_05_CHI_WAS,8.551,46.485
2023_05_BAL_PIT,-5.354,40.629
2023_05_CAR_DET,7.076,46.675
2023_05_CIN_ARI,-0.067,46.63
2023_05_DAL_SF,2.456,45.586
2023_05_HOU_ATL,1.266,41.927
2023_05_JAX_BUF,8.56,45.409
2023_05_KC_MIN,-4.99,48.592
2023_05_NO_NE,-0.234,40.113
2023_05_NYG_MIA,13.379,49.268
2023_05_NYJ_DEN,2.055,43.447
2023_05_PHI_LA,0.302,49.603
2023_05_TEN_IND,-2.291,42.789
2023_05_GB_LV,3.712,46.82
2023_06_DEN_KC,15.046,48.233
2023_06_ARI_LA,7.937,46.927
2023_06_BAL_TEN,-3.726,40.169
2023_06_CAR_MIA,12.476,49.266
2023_06_DET_TB,1.217,42.712
2023_06_IND_JAX,4.142,45.092
2023_06_MIN_CHI,-3.365,46.402
2023_06_NE_LV,9.734,44.394
2023_06_NO_HOU,-2.658,44.686
2023_06_NYG_BUF,15.03,45.043
2023_06_PHI_NYJ,-5.191,43.161
2023_06_SEA_CIN,2.119,44.41
2023_06_SF_CLE,-11.264,38.529
2023_06_WAS_ATL,3.791,44.318
2023_06_DAL_LAC,-3.107,49.686
2023_07_JAX_NO,2.267,43.76
2023_07_ARI_SEA,7.757,45.846
2023_07_ATL_TB,4.267,37.259
2023_07_BUF_NE,-11.556,41.38
2023_07_CLE_IND,-5.547,45.209
2023_07_DET_BAL,4.271,42.334
2023_07_GB_DEN,-0.289,44.953
2023_07_LAC_KC,10.102,45.559
2023_07_LV_CHI,-1.445,42.172
2023_07_MIA_PHI,-0.082,50.261
2023_07_PIT_LA,5.917,43.217
2023_07_WAS_NYG,-1.792,42.183
2023_07_SF_MIN,-8.389,47.623
2023_08_TB_BUF,11.432,41.005
2023_08_ATL_TEN,1.759,36.091
2023_08_BAL_ARI,-12.707,44.35
2023_08_CHI_LAC,10.569,50.09
2023_08_CIN_SF,7.179,43.775
2023_08_CLE_SEA,4.087,41.217
2023_08_HOU_CAR,-4.401,43.691
2023_08_JAX_PIT,-1.213,42.735
2023_08_KC_DEN,-10.763,45.267
2023_08_LA_DAL,8.357,46.241
2023_08_MIN_GB,1.471,42.938
2023_08_NE_MIA,8.942,46.035
2023_08_NO_IND,-0.831,47.235
2023_08_NYJ_NYG,0.346,38.264
2023_08_PHI_WAS,-8.236,46.057
2023_08_LV_DET,1.471,48.425
2023_09_TEN_PIT,2.225,37.429
2023_09_ARI_CLE,11.714,47.413
2023_09_BUF_CIN,-1.469,44.563
2023_09_CHI_NO,9.431,46.797
2023_09_DAL_PHI,-0.134,48.676
2023_09_IND_CAR,-2.385,48.197
2023_09_LA_GB,4.491,38.188
2023_09_MIA_KC,5.056,49.421
2023_09_MIN_ATL,2.616,39.402
2023_09_NYG_LV,2.998,38.776
2023_09_SEA_BAL,7.949,43.374
2023_09_TB_HOU,1.368,41.251
2023_09_WAS_NE,2.74,43.406
2023_09_LAC_NYJ,-4.872,41.605
2023_10_CAR_CHI,5.921,44.854
2023_10_ATL_ARI,1.401,47.991
2023_10_CLE_BAL,5.797,43.58
2023_10_DET_LAC,3.712,48.925
2023_10_GB_PIT,1.907,38.483
2023_10_HOU_CIN,6.942,44.552
2023_10_IND_NE,-5.176,45.829
2023_10_NO_MIN,-1.594,42.053
2023_10_NYG_DAL,18.845,43.283
2023_10_NYJ_LV,2.737,38.689
2023_10_SF_JAX,-2.288,44.516
2023_10_TEN_TB,4.382,38.202
2023_10_WAS_SEA,5.666,45.277
2023_10_DEN_BUF,9.895,46.537
2023_11_CIN_BAL,5.75,43.572
2023_11_ARI_HOU,4.318,50.164
2023_11_CHI_DET,8.297,50.065
2023_11_DAL_CAR,-15.124,45.439
2023_11_LAC_GB,-1.663,44.094
2023_11_LV_MIA,7.945,45.183
2023_11_MIN_DEN,2.865,43.55
2023_11_NYG_WAS,8.87,41.425
2023_11_NYJ_BUF,14.456,40.554
2023_11_PIT_CLE,4.61,38.996
2023_11_SEA_LA,3.162,46.44
2023_11_TB_SF,10.289,41.559
2023_11_TEN_JAX,8.231,39.368
2023_11_PHI_KC,6.119,45.079
2023_12_GB_DET,7.439,47.179
2023_12_SF_SEA,-8.191,44.53
2023_12_WAS_DAL,14.373,50.301
2023_12_MIA_NYJ,-4.753,46.026
2023_12_BAL_LAC,-2.22,48.683
2023_12_BUF_PHI,-1.661,47.459
2023_12_CAR_TEN,5.609,37.466
2023_12_CLE_DEN,2.004,42.298
2023_12_JAX_HOU,-0.331,47.598
2023_12_KC_LV,-10.469,40.063
2023_12_LA_ARI,-3.643,47.057
2023_12_NE_NYG,-1.044,38.022
2023_12_NO_ATL,-2.24,43.757
2023_12_PIT_CIN,2.933,38.296
2023_12_TB_IND,0.49,45.614
2023_12_CHI_MIN,4.977,45.454
2023_13_SEA_DAL,15.235,49.199
2023_13_ARI_PIT,7.199,41.68
2023_13_ATL_NYJ,-0.789,39.703
2023_13_CAR_TB,12.694,39.57
2023_13_CLE_LA,1.466,44.856
2023_13_DEN_HOU,1.575,48.365
2023_13_DET_NO,-1.632,48.909
2023_13_IND_TEN,-1.086,41.2
2023_13_KC_GB,-6.74,40.811
2023_13_LAC_NE,-6.188,41.439
2023_13_MIA_WAS,-6.336,50.246
2023_13_SF_PHI,-3.077,36.437
2023_13_CIN_JAX,5.315,41.231
2023_14_NE_PIT,10.017,34.813
2023_14_BUF_KC,0.192,45.139
2023_14_CAR_NO,10.988,43.797
2023_14_DEN_LAC,4.339,47.024
2023_14_DET_CHI,-3.127,47.71
2023_14_HOU_NYJ,-4.882,39.792
2023_14_IND_CIN,4.364,45.933
2023_14_JAX_CLE,1.364,44.263
2023_14_LA_BAL,7.539,43.341
2023_14_MIN_LV,-0.422,39.595
2023_14_PHI_DAL,6.859,53.811
2023_14_SEA_SF,15.123,44.783
2023_14_TB_ATL,-0.822,41.312
2023_14_GB_NYG,-3.832,36.97
2023_14_TEN_MIA,10.356,45.622
2023_15_LAC_LV,-1.595,37.389
2023_15_DEN_DET,1.09,50.135
2023_15_MIN_CIN,5.329,41.243
2023_15_PIT_IND,0.188,45.723
2023_15_ATL_CAR,-0.104,39.749
2023_15_BAL_JAX,-4.602,45.0
2023_15_CHI_CLE,3.394,42.656
2023_15_DAL_BUF,-1.301,49.205
2023_15_HOU_TEN,5.144,40.304
2023_15_KC_NE,-10.624,37.544
2023_15_NYG_NO,6.783,42.108
2023_15_NYJ_MIA,11.296,42.72
2023_15_SF_ARI,-11.545,46.233
2023_15_TB_GB,2.776,41.169
2023_15_WAS_LA,10.578,48.899
2023_15_PHI_SEA,-5.104,47.438
2023_16_NO_LA,3.172,46.098
2023_16_BUF_LAC,-12.128,45.258
2023_16_CIN_PIT,-2.497,39.753
2023_16_ARI_CHI,2.855,46.432
2023_16_CLE_HOU,-0.91,44.585
2023_16_DAL_MIA,-2.022,50.158
2023_16_DET_MIN,0.319,48.771
2023_16_GB_CAR,-3.818,40.3
2023_16_IND_ATL,2.064,47.187
2023_16_JAX_TB,2.874,43.492
2023_16_NE_DEN,10.643,38.532
2023_16_SEA_TEN,-0.585,44.064
2023_16_WAS_NYJ,6.741,42.879
2023_16_BAL_SF,5.32,45.506
2023_16_LV_KC,12.152,39.682
2023_16_NYG_PHI,10.773,42.892
2023_17_NYJ_CLE,6.673,41.352
2023_17_DET_DAL,7.587,52.923
2023_17_ARI_PHI,9.05,49.697
2023_17_ATL_CHI,-0.056,41.416
2023_17_CAR_JAX,6.479,40.897
2023_17_CIN_KC,8.335,41.949
2023_17_GB_MIN,-0.807,43.787
2023_17_LAC_DEN,6.13,40.035
2023_17_LA_NYG,-4.513,43.873
2023_17_LV_IND,1.689,45.052
2023_17_MIA_BAL,4.295,47.911
2023_17_NE_BUF,17.909,40.014
2023_17_NO_TB,1.974,42.278
2023_17_PIT_SEA,3.772,40.762
2023_17_SF_WAS,-17.979,48.576
2023_17_TEN_HOU,4.592,43.966
2023_18_HOU_IND,1.854,49.232
2023_18_PIT_BAL,4.566,36.952
2023_18_ATL_NO,7.526,43.115
2023_18_BUF_MIA,-4.106,50.172
2023_18_CHI_GB,6.26,44.473
2023_18_CLE_CIN,8.545,43.126
2023_18_DAL_WAS,-16.657,46.976
2023_18_DEN_LV,3.401,40.446
2023_18_JAX_TEN,-2.031,42.886
2023_18_KC_LAC,5.157,35.039
2023_18_LA_SF,4.889,38.239
2023_18_MIN_DET,8.035,48.646
2023_18_NYJ_NE,-0.05,35.129
2023_18_PHI_NYG,-5.398,46.042
2023_18_SEA_ARI,-0.667,49.715
2023_18_TB_CAR,-8.376,37.098
2023_19_CLE_HOU,2.753,47.653
2023_19_MIA_KC,5.832,42.683
2023_19_GB_DAL,8.976,48.031
2023_19_LA_DET,3.466,51.114
2023_19_PHI_TB,2.805,45.363
2023_19_PIT_BUF,8.15,40.985
2023_20_GB_SF,7.918,46.743
2023_20_HOU_BAL,10.547,43.354
2023_20_KC_BUF,1.51,42.81
2023_20_TB_DET,3.19,47.116
2023_21_DET_SF,6.513,49.299
2023_21_KC_BAL,6.999,43.458
2023_22_SF_KC,-1.748,46.287
2024_01_BAL_KC,2.117,43.489
2024_01_GB_PHI,-1.327,46.51
2024_01_ARI_BUF,7.881,43.458
2024_01_CAR_NO,9.816,43.938
2024_01_DAL_CLE,-0.839,46.667
2024_01_DEN_SEA,4.821,42.392
2024_01_HOU_IND,-0.991,47.237
2024_01_JAX_MIA,3.748,46.379
2024_01_LA_DET,2.361,49.527
2024_01_LV_LAC,2.487,46.292
2024_01_MIN_NYG,2.446,41.196
2024_01_NE_CIN,4.444,45.263
2024_01_PIT_ATL,5.092,46.605
2024_01_TEN_CHI,4.311,41.374
2024_01_WAS_TB,6.961,44.742
2024_01_NYJ_SF,3.254,50.191
2024_02_BUF_MIA,-0.859,47.192
2024_02_CHI_HOU,4.841,46.744
2024_02_CIN_KC,7.201,43.569
2024_02_CLE_JAX,1.791,45.504
2024_02_IND_GB,0.826,42.847
2024_02_LAC_CAR,-7.264,42.035
2024_02_LA_ARI,-0.163,49.539
2024_02_LV_BAL,7.551,43.138
2024_02_NO_DAL,2.989,49.244
2024_02_NYG_WAS,3.19,45.548
2024_02_NYJ_TEN,-4.587,44.486
2024_02_PIT_DEN,-1.94,39.114
2024_02_SEA_NE,3.606,43.201
2024_02_SF_MIN,-4.96,45.838
2024_02_TB_DET,3.119,47.949
2024_02_ATL_PHI,1.692,47.937
2024_03_NE_NYJ,5.897,45.433
2024_03_BAL_DAL,1.527,49.834
2024_03_CAR_LV,6.596,47.549
2024_03_CHI_IND,2.429,44.342
2024_03_DEN_TB,9.144,39.757
2024_03_DET_ARI,1.323,50.686
2024_03_GB_TEN,0.16,39.026
2024_03_HOU_MIN,2.562,44.545
2024_03_KC_ATL,-1.679,46.563
2024_03_LAC_PIT,-1.356,39.107
2024_03_MIA_SEA,6.552,41.069
2024_03_NYG_CLE,5.921,43.59
2024_03_PHI_NO,8.667,50.791
2024_03_SF_LA,-6.239,48.323
2024_03_JAX_BUF,9.955,44.217
2024_03_WAS_CIN,7.08,47.274
2024_04_DAL_NYG,-5.025,45.198
2024_04_BUF_BAL,-2.885,47.173
2024_04_CIN_CAR,-2.104,48.944
2024_04_CLE_LV,-0.018,46.573
2024_04_DEN_NYJ,8.162,42.828
2024_04_JAX_HOU,3.452,46.178
2024_04_KC_LAC,-1.597,44.147
2024_04_LA_CHI,2.87,41.248
2024_04_MIN_GB,2.656,41.71
2024_04_NE_SF,10.586,43.351
2024_04_NO_ATL,-2.896,46.937
2024_04_PHI_TB,2.425,43.84
2024_04_PIT_IND,-2.264,41.312
2024_04_WAS_ARI,4.085,52.51
2024_04_SEA_DET,2.545,46.589
2024_04_TEN_MIA,1.602,39.356
2024_05_TB_ATL,-0.515,45.196
2024_05_ARI_SF,10.226,47.561
2024_05_BAL_CIN,-3.459,47.402
2024_05_BUF_HOU,-5.717,48.526
2024_05_CAR_CHI,5.469,45.375
2024_05_CLE_WAS,5.333,49.2
2024_05_DAL_PIT,-0.603,43.368
2024_05_GB_LA,-2.718,49.004
2024_05_IND_JAX,3.466,44.251
2024_05_LV_DEN,3.391,39.596
2024_05_MIA_NE,3.215,38.792
2024_05_NYG_SEA,6.642,42.587
2024_05_NYJ_MIN,0.578,43.348
2024_05_NO_KC,3.297,43.841
2024_06_SF_SEA,-3.421,47.352
2024_06_ARI_GB,7.05,47.534
2024_06_ATL_CAR,-6.139,48.526
2024_06_CIN_NYG,-2.536,46.134
2024_06_CLE_PHI,9.97,45.083
2024_06_DET_DAL,-0.575,50.429
2024_06_HOU_NE,-4.718,39.647
2024_06_IND_TEN,1.547,43.513
2024_06_JAX_CHI,2.119,43.853
2024_06_LAC_DEN,-2.281,38.671
2024_06_PIT_LV,-5.295,41.801
2024_06_TB_NO,0.741,44.112
2024_06_WAS_BAL,5.544,51.285
2024_06_BUF_NYJ,0.046,44.316
2024_07_DEN_NO,0.569,42.408
2024_07_CAR_WAS,12.947,51.905
2024_07_CIN_CLE,-4.704,46.15
2024_07_DET_MIN,1.814,47.419
2024_07_HOU_GB,8.379,46.915
2024_07_KC_SF,1.061,44.685
2024_07_LV_LA,8.005,46.648
2024_07_MIA_IND,5.944,43.325
2024_07_NE_JAX,3.772,41.768
2024_07_NYJ_PIT,3.256,42.389
2024_07_PHI_NYG,-1.516,41.752
2024_07_SEA_ATL,5.921,50.29
2024_07_TEN_BUF,10.61,44.762
2024_07_BAL_TB,-1.312,48.155
2024_07_LAC_ARI,-0.901,45.707
2024_08_MIN_LA,-2.521,46.199
2024_08_ARI_MIA,-2.356,39.489
2024_08_ATL_TB,1.88,48.268
2024_08_BAL_CLE,-9.195,47.909
2024_08_BUF_SEA,-6.265,46.58
2024_08_CAR_DEN,16.574,39.591
2024_08_CHI_WAS,4.249,48.055
2024_08_DAL_SF,6.131,48.659
2024_08_GB_JAX,-6.517,47.704
2024_08_IND_HOU,1.6,48.028
2024_08_KC_LV,-8.757,44.17
2024_08_NO_LAC,9.671,42.126
2024_08_NYJ_NE,-5.414,41.72
2024_08_PHI_CIN,2.918,46.532
2024_08_TEN_DET,10.316,48.354
2024_08_NYG_PIT,11.985,40.215
2024_09_HOU_NYJ,2.131,45.1
2024_09_CHI_ARI,1.0,46.393
2024_09_DAL_ATL,1.985,50.712
2024_09_DEN_BAL,6.679,45.296
2024_09_DET_GB,0.253,47.959
2024_09_IND_MIN,4.442,47.149
2024_09_JAX_PHI,8.323,46.919
2024_09_LAC_CLE,-3.256,41.5
2024_09_LA_SEA,-0.869,46.16
2024_09_LV_CIN,4.633,46.85
2024_09_MIA_BUF,11.399,45.276
2024_09_NE_TEN,0.844,42.38
2024_09_NO_CAR,-11.806,45.776
2024_09_WAS_NYG,-3.17,43.295
2024_09_TB_KC,9.681,45.811
2024_10_CIN_BAL,9.094,51.118
2024_10_ATL_NO,-2.4,50.676
2024_10_BUF_IND,-5.803,47.939
2024_10_DEN_KC,10.532,40.092
2024_10_DET_HOU,-6.401,49.653
2024_10_MIN_JAX,-7.031,44.52
2024_10_NE_CHI,6.513,40.081
2024_10_NYG_CAR,-4.979,44.244
2024_10_NYJ_ARI,2.618,47.3
2024_10_PHI_DAL,-6.307,45.412
2024_10_PIT_WAS,-3.654,45.863
2024_10_SF_TB,-2.205,49.524
2024_10_TEN_LAC,11.8,43.233
2024_10_MIA_LA,1.863,47.274
2024_11_WAS_PHI,4.78,47.045
2024_11_ATL_DEN,1.441,42.779
2024_11_BAL_PIT,-0.447,48.681
2024_11_CIN_LAC,4.71,47.072
2024_11_CLE_NO,2.436,48.188
2024_11_GB_CHI,-5.234,43.011
2024_11_IND_NYJ,2.616,43.781
2024_11_JAX_DET,14.609,48.704
2024_11_KC_BUF,0.095,44.567
2024_11_LA_NE,-2.03,41.486
2024_11_LV_MIA,5.405,43.54
2024_11_MIN_TEN,-5.203,43.134
2024_11_SEA_SF,7.699,47.714
2024_11_HOU_DAL,-2.854,44.693
2024_12_PIT_CLE,-7.467,42.282
2024_12_ARI_SEA,-1.408,46.277
2024_12_DAL_WAS,13.809,44.383
2024_12_DEN_LV,-5.386,45.102
2024_12_DET_IND,-9.101,50.352
2024_12_KC_CAR,-11.837,45.739
2024_12_MIN_CHI,-3.345,39.818
2024_12_NE_MIA,7.002,42.622
2024_12_PHI_LA,-3.699,46.98
2024_12_SF_GB,8.507,40.869
2024_12_TB_NYG,-5.547,41.484
2024_12_TEN_HOU,9.811,46.655
2024_12_BAL_LAC,-0.282,47.831
2024_13_CHI_DET,12.664,46.998
2024_13_MIA_GB,4.473,46.011
2024_13_NYG_DAL,0.69,42.08
2024_13_LV_KC,14.996,44.814
2024_13_ARI_MIN,1.87,45.366
2024_13_HOU_JAX,-2.507,46.942
2024_13_IND_NE,0.441,41.852
2024_13_LAC_ATL,-1.389,45.856
2024_13_LA_NO,2.396,49.542
2024_13_PHI_BAL,4.841,48.708
2024_13_PIT_CIN,-1.293,47.412
2024_13_SEA_NYJ,3.064,43.278
2024_13_SF_BUF,7.218,47.454
2024_13_TB_CAR,-8.019,49.926
2024_13_TEN_WAS,5.695,47.689
2024_13_CLE_DEN,8.545,42.027
2024_14_GB_DET,4.776,50.187
2024_14_ATL_MIN,4.891,46.466
2024_14_BUF_LA,-5.888,48.78
2024_14_CAR_PHI,13.269,45.646
2024_14_CHI_SF,2.951,44.167
2024_14_CLE_PIT,9.775,45.37
2024_14_JAX_TEN,3.296,45.38
2024_14_LAC_KC,6.754,40.771
2024_14_LV_TB,8.414,47.578
2024_14_NO_NYG,-7.519,39.969
2024_14_NYJ_MIA,7.124,44.266
2024_14_SEA_ARI,4.61,46.604
2024_14_CIN_DAL,-5.798,51.095
2024_15_LA_SF,3.43,48.367
2024_15_BAL_NYG,-18.124,42.211
2024_15_BUF_DET,4.03,52.587
2024_15_CIN_TEN,-5.568,47.487
2024_15_DAL_CAR,-0.045,43.258
2024_15_GB_SEA,-3.965,46.393
2024_15_IND_DEN,8.213,41.621
2024_15_KC_CLE,-6.638,41.612
2024_15_MIA_HOU,1.836,48.51
2024_15_NE_ARI,8.112,44.453
2024_15_NYJ_JAX,-1.653,43.148
2024_15_PIT_PHI,3.33,44.535
2024_15_TB_LAC,1.424,46.035
2024_15_WAS_NO,-3.656,48.752
2024_15_ATL_LV,-1.99,47.846
2024_15_CHI_MIN,7.982,44.786
2024_16_DEN_LAC,1.63,43.711
2024_16_HOU_KC,8.224,42.301
2024_16_PIT_BAL,6.14,46.042
2024_16_ARI_CAR,-8.824,44.142
2024_16_CLE_CIN,7.766,50.044
2024_16_DET_CHI,-7.461,46.584
2024_16_JAX_LV,0.566,44.865
2024_16_LA_NYJ,-1.51,45.346
2024_16_MIN_SEA,-1.217,44.48
2024_16_NE_BUF,16.296,46.617
2024_16_NYG_ATL,10.347,39.692
2024_16_PHI_WAS,-0.926,47.886
2024_16_SF_MIA,-0.168,45.015
2024_16_TB_DAL,-8.11,48.568
2024_16_TEN_IND,1.094,47.631
2024_16_NO_GB,14.72,42.466
2024_17_BAL_HOU,-6.724,50.037
2024_17_KC_PIT,-0.278,42.997
2024_17_SEA_CHI,-1.443,43.035
2024_17_ARI_LA,3.685,47.658
2024_17_DEN_CIN,1.886,49.297
2024_17_LAC_NE,-6.91,41.545
2024_17_ATL_WAS,6.813,47.595
2024_17_CAR_TB,17.496,47.698
2024_17_DAL_PHI,14.657,44.939
2024_17_GB_MIN,-0.663,47.958
2024_17_IND_NYG,-6.258,40.761
2024_17_LV_NO,1.582,42.291
2024_17_MIA_CLE,1.545,38.905
2024_17_NYJ_BUF,11.843,47.026
2024_17_TEN_JAX,2.653,43.17
2024_17_DET_SF,-5.001,49.525
2024_18_CIN_PIT,2.253,48.471
2024_18_CLE_BAL,23.114,40.632
2024_18_BUF_NE,-1.886,41.172
2024_18_CAR_ATL,11.529,46.51
2024_18_CHI_GB,12.874,41.029
2024_18_HOU_TEN,0.102,42.459
2024_18_JAX_IND,4.704,47.592
2024_18_KC_DEN,10.071,37.886
2024_18_LAC_LV,-5.492,44.24
2024_18_MIA_NYJ,-2.221,44.369
2024_18_MIN_DET,6.305,52.394
2024_18_NO_TB,14.849,42.941
2024_18_NYG_PHI,1.566,37.065
2024_18_SEA_LA,-2.304,44.788
2024_18_SF_ARI,5.921,41.989
2024_18_WAS_DAL,-6.593,51.004
2024_19_LAC_HOU,-4.419,45.442
2024_19_PIT_BAL,8.835,45.789
2024_19_DEN_BUF,3.444,48.747
2024_19_GB_PHI,1.36,47.224
2024_19_WAS_TB,3.973,51.409
2024_19_MIN_LA,-3.286,46.383
2024_20_HOU_KC,5.975,39.652
2024_20_WAS_DET,8.029,55.188
2024_20_BAL_BUF,1.532,50.43
2024_20_LA_PHI,7.788,44.322
2024_21_BUF_KC,-2.851,46.484
2024_21_WAS_PHI,4.09,49.348
2024_22_KC_PHI,5.627,47.005
2025_01_DAL_PHI,7.02,49.179
2025_01_KC_LAC,-1.378,46.558
2025_01_ARI_NO,-3.851,44.27
2025_01_BAL_BUF,2.024,49.094
2025_01_CAR_JAX,5.932,46.611
2025_01_CIN_CLE,-3.957,46.652
2025_01_DET_GB,0.675,48.899
2025_01_HOU_LA,3.15,46.478
2025_01_LV_NE,-0.931,45.402
2025_01_MIA_IND,-1.649,49.181
2025_01_NYG_WAS,5.603,49.643
2025_01_PIT_NYJ,-5.208,43.45
2025_01_SF_SEA,-0.946,45.406
2025_01_TB_ATL,-3.156,48.134
2025_01_TEN_DEN,7.209,45.187
2025_01_MIN_CHI,-0.14,42.699
2025_02_WAS_GB,2.327,47.104
2025_02_ATL_MIN,3.422,46.868
2025_02_BUF_NYJ,-6.562,48.266
2025_02_CAR_ARI,10.403,47.237
2025_02_CHI_DET,8.461,48.566
2025_02_CLE_BAL,11.662,46.441
2025_02_DEN_IND,-0.116,46.864
2025_02_JAX_CIN,4.771,45.779
2025_02_LA_TEN,-3.238,42.342
2025_02_NE_MIA,4.853,43.331
2025_02_NYG_DAL,5.001,48.511
2025_02_PHI_KC,0.282,45.525
2025_02_SEA_PIT,6.869,44.844
2025_02_SF_NO,0.159,39.196
2025_02_LAC_LV,-1.249,47.359
2025_02_TB_HOU,-2.962,46.253
2025_03_MIA_BUF,9.398,49.478
2025_03_ARI_SF,-1.534,41.612
2025_03_ATL_CAR,-6.281,44.876
2025_03_CIN_MIN,1.5,47.091
2025_03_DAL_CHI,-2.292,50.032
2025_03_DEN_LAC,2.582,45.947
2025_03_GB_CLE,-8.455,43.439
2025_03_HOU_JAX,3.32,42.797
2025_03_IND_TEN,-5.948,46.216
2025_03_KC_NYG,-3.774,45.784
2025_03_LA_PHI,5.78,44.72
2025_03_LV_WAS,2.127,44.142
2025_03_NO_SEA,7.46,40.628
2025_03_NYJ_TB,8.411,45.092
2025_03_PIT_NE,-1.302,46.943
2025_03_DET_BAL,2.675,52.849
2025_04_SEA_ARI,0.182,45.567
2025_04_BAL_KC,0.811,48.629
2025_04_CAR_NE,5.545,44.12
2025_04_CHI_LV,3.056,47.845
2025_04_CLE_DET,13.878,49.072
2025_04_GB_DAL,-4.955,49.177
2025_04_IND_LA,3.663,49.802
2025_04_JAX_SF,5.354,45.632
2025_04_LAC_NYG,-7.261,41.893
2025_04_MIN_PIT,-0.543,47.062
2025_04_NO_BUF,14.728,47.042
2025_04_PHI_TB,-4.055,47.811
2025_04_TEN_HOU,8.046,44.119
2025_04_WAS_ATL,-1.325,47.757
2025_04_CIN_DEN,8.239,44.526
2025_04_NYJ_MIA,4.587,43.145
2025_05_SF_LA,9.228,43.376
2025_05_DAL_NYJ,2.394,50.069
2025_05_DEN_PHI,4.652,45.154
2025_05_DET_CIN,-8.822,48.994
2025_05_HOU_BAL,-2.346,40.812
2025_05_LV_IND,7.602,50.17
2025_05_MIA_CAR,-4.486,46.651
2025_05_MIN_CLE,-5.452,41.941
2025_05_NE_BUF,10.532,48.075
2025_05_NYG_NO,0.64,43.528
2025_05_TB_SEA,6.912,46.503
2025_05_TEN_ARI,9.638,45.246
2025_05_WAS_LAC,4.114,49.751
2025_05_KC_JAX,-3.031,43.471
2025_06_PHI_NYG,-9.474,43.238
2025_06_ARI_IND,8.44,46.899
2025_06_CIN_GB,13.182,43.74
2025_06_CLE_PIT,11.123,43.492
2025_06_DAL_CAR,-3.629,49.733
2025_06_DEN_NYJ,-8.902,43.733
2025_06_DET_KC,-0.623,48.804
2025_06_LAC_MIA,2.498,44.813
2025_06_LA_BAL,-3.407,44.082
2025_06_NE_NO,-2.461,45.561
2025_06_SEA_JAX,-0.467,46.61
2025_06_SF_TB,6.231,45.138
2025_06_TEN_LV,3.136,46.534
2025_06_BUF_ATL,-3.936,48.883
2025_06_CHI_WAS,7.52,48.016
2025_07_PIT_CIN,-7.496,45.701
2025_07_ATL_SF,-0.028,40.823
2025_07_CAR_NYJ,2.648,44.075
2025_07_GB_ARI,-3.246,45.287
2025_07_IND_LAC,-2.687,49.712
2025_07_LA_JAX,-3.165,43.289
2025_07_LV_KC,13.355,44.421
2025_07_MIA_CLE,-4.744,41.142
2025_07_NE_TEN,-6.85,40.532
2025_07_NO_CHI,5.415,44.691
2025_07_NYG_DEN,9.536,40.748
2025_07_PHI_MIN,-2.339,48.653
2025_07_WAS_DAL,-1.014,55.684
2025_07_HOU_SEA,-0.157,42.295
2025_07_TB_DET,6.742,54.544
2025_08_MIN_LAC,0.331,47.303
2025_08_BUF_CAR,-5.942,47.365
2025_08_CHI_BAL,0.489,45.203
2025_08_CLE_NE,9.133,41.188
2025_08_DAL_DEN,2.337,49.781
2025_08_GB_PIT,0.192,46.875
2025_08_MIA_ATL,3.068,47.932
2025_08_NYG_PHI,8.266,46.223
2025_08_NYJ_CIN,3.746,43.801
2025_08_SF_HOU,7.431,41.359
2025_08_TB_NO,-4.17,48.139
2025_08_TEN_IND,15.802,49.481
2025_08_WAS_KC,6.036,47.887
2025_09_BAL_MIA,-3.032,51.518
2025_09_ATL_NE,8.078,42.949
2025_09_CAR_GB,15.31,43.884
2025_09_CHI_CIN,-0.794,47.793
2025_09_DEN_HOU,3.037,43.671
2025_09_IND_PIT,-1.705,50.772
2025_09_JAX_LV,0.835,45.353
2025_09_KC_BUF,-0.942,46.589
2025_09_LAC_TEN,-10.051,43.609
2025_09_MIN_DET,13.425,48.475
2025_09_NO_LA,12.139,44.101
2025_09_SEA_WAS,-0.652,48.658
2025_09_SF_NYG,0.556,43.07
2025_09_ARI_DAL,3.295,52.37
2025_10_LV_DEN,10.509,43.301
2025_10_ARI_SEA,6.776,44.558
2025_10_ATL_IND,7.466,49.053
2025_10_BAL_MIN,-6.367,49.162
2025_10_BUF_MIA,-5.238,48.439
2025_10_CLE_NYJ,2.94,40.404
2025_10_DET_WAS,-6.92,49.185
2025_10_JAX_HOU,3.853,41.593
2025_10_LA_SF,-5.106,42.221
2025_10_NE_TB,3.473,46.071
2025_10_NO_CAR,4.826,40.635
2025_10_NYG_CHI,4.658,48.129
2025_10_PIT_LAC,1.429,48.602
2025_10_PHI_GB,-0.06,46.736
2025_11_NYJ_NE,9.31,45.782
2025_11_BAL_CLE,-8.728,42.214
2025_11_CAR_ATL,4.771,43.901
2025_11_CHI_MIN,-0.121,46.951
2025_11_CIN_PIT,7.299,48.017
2025_11_DET_PHI,2.149,47.627
2025_11_GB_NYG,-8.323,42.171
2025_11_HOU_TEN,-6.288,39.422
2025_11_KC_DEN,-2.545,42.037
2025_11_LAC_JAX,-3.733,45.917
2025_11_SEA_LA,3.336,48.68
2025_11_SF_ARI,-6.206,50.069
2025_11_TB_BUF,3.458,45.523
2025_11_WAS_MIA,3.747,47.176
2025_11_DAL_LV,-2.494,51.396
2025_12_BUF_HOU,-4.355,46.129
2025_12_ATL_NO,-1.63,45.414
2025_12_CLE_LV,1.815,42.155
2025_12_IND_KC,4.151,48.158
2025_12_JAX_ARI,-1.446,48.341
2025_12_MIN_GB,6.546,41.718
2025_12_NE_CIN,-9.42,49.433
2025_12_NYG_DET,12.627,50.788
2025_12_NYJ_BAL,12.352,48.592
2025_12_PHI_DAL,-3.231,52.459
2025_12_PIT_CHI,0.484,44.566
2025_12_SEA_TEN,-12.116,44.64
2025_12_TB_LA,5.743,49.268
2025_12_CAR_SF,12.708,47.705
2025_13_CIN_BAL,10.708,54.849
2025_13_GB_DET,4.48,48.709
2025_13_KC_DAL,-3.547,51.704
2025_13_CHI_PHI,7.864,43.494
2025_13_ARI_TB,6.77,47.783
2025_13_ATL_NYJ,0.901,44.838
2025_13_BUF_PIT,-0.422,47.652
2025_13_DEN_WAS,-4.693,43.307
2025_13_HOU_IND,2.898,48.919
2025_13_JAX_TEN,-6.635,45.019
2025_13_LA_CAR,-11.862,42.727
2025_13_LV_LAC,9.459,44.573
2025_13_MIN_SEA,10.115,45.675
2025_13_NO_MIA,11.181,41.699
2025_13_SF_CLE,-7.213,41.471
2025_13_NYG_NE,7.529,46.58
2025_14_DAL_DET,6.103,56.458
2025_14_CHI_GB,8.684,44.749
2025_14_CIN_BUF,7.788,53.873
2025_14_DEN_LV,-8.744,43.577
2025_14_HOU_KC,2.566,41.937
2025_14_IND_JAX,-1.948,48.588
2025_14_LA_ARI,-8.017,47.643
2025_14_MIA_NYJ,-2.025,44.402
2025_14_NO_TB,9.353,43.69
2025_14_PIT_BAL,6.277,47.882
2025_14_SEA_ATL,-7.593,48.501
2025_14_TEN_CLE,4.598,39.514
2025_14_WAS_MIN,0.526,44.811
2025_14_PHI_LAC,0.418,45.611
2025_15_ATL_TB,2.172,47.106
2025_15_ARI_HOU,13.635,45.362
2025_15_BAL_CIN,-1.354,53.651
2025_15_BUF_NE,-1.172,48.133
2025_15_CAR_NO,0.71,43.078
2025_15_CLE_CHI,8.53,43.556
2025_15_DET_LA,5.858,52.184
2025_15_GB_DEN,0.0,42.419
2025_15_IND_SEA,4.445,51.292
2025_15_LAC_KC,4.006,43.691
2025_15_LV_PHI,14.103,37.382
2025_15_MIN_DAL,5.725,49.605
2025_15_NYJ_JAX,12.39,43.726
2025_15_TEN_SF,15.482,46.442
2025_15_WAS_NYG,3.195,46.221
2025_15_MIA_PIT,1.087,44.059
2025_16_LA_SEA,-0.009,44.561
2025_16_GB_CHI,-2.053,45.971
2025_16_PHI_WAS,-7.554,44.139
2025_16_ATL_ARI,-1.014,49.343
2025_16_BUF_CLE,-15.792,43.428
2025_16_CIN_MIA,-1.434,47.208
2025_16_JAX_DEN,0.896,45.871
2025_16_KC_TEN,-1.14,37.576
2025_16_LAC_DAL,-0.038,53.007
2025_16_LV_HOU,14.902,43.024
2025_16_MIN_NYG,0.98,40.636
2025_16_NE_BAL,3.641,46.56
2025_16_NYJ_NO,2.466,45.427
2025_16_PIT_DET,5.541,52.846
2025_16_TB_CAR,-3.291,45.382
2025_16_SF_IND,1.275,54.14
2025_17_DAL_WAS,-3.829,50.972
2025_17_DEN_KC,-4.769,37.198
2025_17_DET_MIN,-6.625,48.254
2025_17_BAL_GB,2.349,37.368
2025_17_HOU_LAC,-0.533,44.537
2025_17_ARI_CIN,7.486,52.676
2025_17_CHI_SF,6.144,49.954
2025_17_JAX_IND,1.208,53.791
2025_17_NE_NYJ,-6.959,46.446
2025_17_NO_TEN,0.484,40.184
2025_17_NYG_LV,-0.773,46.201
2025_17_PHI_BUF,3.142,47.151
2025_17_PIT_CLE,-6.818,41.065
2025_17_SEA_CAR,-8.426,44.487
2025_17_TB_MIA,-2.984,43.852
2025_17_LA_ATL,-6.381,50.431
2025_18_CAR_TB,6.494,44.092
2025_18_SEA_SF,0.193,50.54
2025_18_ARI_LA,13.978,50.711
2025_18_BAL_PIT,-1.754,46.809
2025_18_CLE_CIN,12.353,47.079
2025_18_DAL_NYG,-1.844,52.44
2025_18_DET_CHI,1.056,51.511
2025_18_GB_MIN,11.371,37.604
2025_18_IND_HOU,6.048,46.061
2025_18_KC_LV,-2.24,36.588
2025_18_LAC_DEN,13.029,40.131
2025_18_MIA_NE,14.606,42.926
2025_18_NO_ATL,6.281,46.023
2025_18_NYJ_BUF,9.978,39.849
2025_18_TEN_JAX,15.9,46.403
2025_18_WAS_PHI,2.923,39.406
2025_19_GB_CHI,1.977,46.864
2025_19_LA_CAR,-9.62,43.816
2025_19_BUF_JAX,2.168,49.281
2025_19_LAC_NE,7.511,44.799
2025_19_SF_PHI,2.056,42.254
2025_19_HOU_PIT,-0.657,43.773
2025_20_BUF_DEN,0.826,46.662
2025_20_SF_SEA,4.942,47.51
2025_20_HOU_NE,3.909,43.852
2025_20_LA_CHI,-5.144,50.022
2025_21_LA_SEA,2.706,47.607
2025_21_NE_DEN,-4.317,41.776
2025_22_SEA_NE,-1.091,44.295
2026_01_NE_SEA,3.492,44.824
2026_01_SF_LA,1.183,51.465
2026_01_ARI_LAC,6.582,46.751
2026_01_ATL_PIT,7.165,42.334
2026_01_BAL_IND,-1.1,51.059
2026_01_BUF_HOU,0.126,48.912
2026_01_CHI_CAR,-1.166,45.43
2026_01_CLE_JAX,6.305,45.939
2026_01_DAL_NYG,0.993,49.876
2026_01_GB_MIN,1.989,48.83
2026_01_MIA_LV,2.242,46.944
2026_01_NO_DET,6.258,48.48
2026_01_NYJ_TEN,0.529,46.748
2026_01_TB_CIN,3.077,49.551
2026_01_WAS_PHI,5.123,46.044
2026_01_DEN_KC,3.337,43.563
2026_02_DET_BUF,5.356,51.464
2026_02_CAR_ATL,6.928,50.75
2026_02_CIN_HOU,0.829,52.393
2026_02_CLE_TB,4.78,45.928
2026_02_GB_NYJ,-1.977,47.322
2026_02_IND_KC,8.064,47.912
2026_02_JAX_DEN,-2.66,44.635
2026_02_LV_LAC,3.342,45.937
2026_02_MIA_SF,10.877,45.238
2026_02_MIN_CHI,2.613,49.822
2026_02_NO_BAL,7.956,48.098
2026_02_PHI_TEN,-6.64,43.684
2026_02_PIT_NE,4.933,42.824
2026_02_SEA_ARI,-2.806,45.3
2026_02_WAS_DAL,2.924,52.466
2026_02_NYG_LA,3.493,49.241
2026_03_ATL_GB,7.255,45.805
2026_03_ARI_SF,11.639,46.508
2026_03_BAL_DAL,-2.391,51.043
2026_03_CAR_CLE,2.998,46.041
2026_03_CIN_PIT,-2.798,45.089
2026_03_HOU_IND,1.381,48.204
2026_03_KC_MIA,-7.618,45.001
2026_03_LAC_BUF,10.697,47.52
2026_03_LA_DEN,-0.158,43.734
2026_03_LV_NO,2.425,46.458
2026_03_MIN_TB,-3.259,45.221
2026_03_NE_JAX,2.82,42.564
2026_03_NYJ_DET,6.683,51.021
2026_03_SEA_WAS,-5.287,43.81
2026_03_TEN_NYG,4.846,43.305
2026_03_PHI_CHI,0.976,44.351
2026_04_PIT_CLE,1.56,42.597
2026_04_ARI_NYG,1.513,43.711
2026_04_DAL_HOU,1.234,50.18
2026_04_DEN_SF,5.608,46.561
2026_04_DET_CAR,-3.07,51.067
2026_04_GB_TB,-0.014,44.863
2026_04_IND_WAS,-3.986,50.106
2026_04_JAX_CIN,-2.465,48.285
2026_04_KC_LV,-2.859,47.837
2026_04_LAC_SEA,8.32,41.66
2026_04_LA_PHI,-3.508,44.442
2026_04_MIA_MIN,10.862,44.238
2026_04_NE_BUF,7.727,46.066
2026_04_NYJ_CHI,9.353,45.348
2026_04_TEN_BAL,11.973,46.003
2026_04_ATL_NO,-0.069,47.608
2026_05_TB_DAL,6.692,50.132
2026_05_BAL_ATL,-1.065,48.723
2026_05_CHI_GB,0.151,45.271
2026_05_CIN_MIA,-5.174,45.19
2026_05_CLE_NYJ,0.309,44.274
2026_05_DEN_LAC,-0.722,44.381
2026_05_DET_ARI,-3.32,51.688
2026_05_HOU_TEN,-4.477,42.504
2026_05_IND_PIT,1.727,46.818
2026_05_LV_NE,4.352,44.249
2026_05_MIN_NO,-4.165,46.811
2026_05_NYG_WAS,1.909,46.203
2026_05_PHI_JAX,7.048,43.21
2026_05_SF_SEA,-0.62,46.004
2026_05_BUF_LA,0.928,52.257
